;代码	x	y	名称	        范围	数量	时间

;比奇
0	600	576	弓箭守卫	0	1	10
0	665	87	弓箭守卫	0	1	10
0	666	86	弓箭守卫	0	1	10
0	671	94	弓箭守卫	0	1	10
0	672	93	弓箭守卫	0	1	10
0	340	513	弓箭守卫	0	1	10
0	341	514	弓箭守卫	0	1	10
0	367	487	弓箭守卫	0	1	10
0	368	488	弓箭守卫	0	1	10
0	318	244	弓箭守卫	0	1	10
0	300	207	弓箭守卫	0	1	10
0	310	227	弓箭守卫	0	1	10
0	313	230	弓箭守卫	0	1	10
0	309	286	弓箭守卫	0	1	10
0	329	289	弓箭守卫	0	1	10
0	355	280	弓箭守卫	0	1	10
0	362	301	弓箭守卫	0	1	10
0	374	291	弓箭守卫	0	1	10
0	321	257	弓箭守卫	0	1	10
0	301	319	弓箭守卫	0	1	10
0	335	309	弓箭守卫	0	1	10
0	339	313	弓箭守卫	0	1	10
0	320	36	弓箭守卫	0	1	10
0	327	42	弓箭守卫	0	1	10

;沃玛森林
1	52	33	弓箭守卫	0	1	10
1	52	33	弓箭守卫	0	1	10
1	46	39	弓箭守卫	0	1	10
1	51	165	弓箭守卫	0	1	10
1	52	171	弓箭守卫	0	1	10
1	566	544	弓箭守卫	0	1	10
1	555	544	弓箭守卫	0	1	10

;毒蛇山谷
2	417	558	弓箭守卫	0	1	10
2	416	559	弓箭守卫	0	1	10
2	423	566	弓箭守卫	0	1	10
2	424	565	弓箭守卫	0	1	10

2	292	60	弓箭守卫	0	1	10
2	298	65	弓箭守卫	0	1	10

2	552	80	弓箭守卫	0	1	10
2	560	88	弓箭守卫	0	1	10

;盟重
3	325	311	弓箭守卫	0	1	10
3	348	332	弓箭守卫	0	1	10
3	296	334	弓箭守卫	0	1	10
3	302	340	弓箭守卫	0	1	10
3	305	290	弓箭守卫	0	1	10
3	288	305	弓箭守卫	0	1	10
3	302	370	弓箭守卫	0	1	10
3	334	318	弓箭守卫	0	1	10
3	339	313	弓箭守卫	0	1	10
2	510	479	弓箭守卫	0	1	10
2	508	492	弓箭守卫	0	1	10
3	273	743	弓箭守卫	0	1	10
3	272	744	弓箭守卫	0	1	10
3	512	770	弓箭守卫	0	1	10
3	519	777	弓箭守卫	0	1	10

;封魔谷
4	443	184	恶魔弓箭手	0	1	1
4	443	192	恶魔弓箭手	0	1	1

4	256	231	恶魔弓箭手	0	1	1
4	251	236	恶魔弓箭手	0	1	1
4	255	230	恶魔弓箭手	0	1	1
4	250	235	恶魔弓箭手	0	1	1
4	254	229	恶魔弓箭手	0	1	1
4	249	234	恶魔弓箭手	0	1	1
4	253	228	恶魔弓箭手	0	1	1
4	248	233	恶魔弓箭手	0	1	1
4	252	227	恶魔弓箭手	0	1	1
4	247	232	恶魔弓箭手	0	1	1

4	257	186	恶魔弓箭手	0	1	1
4	253	183	恶魔弓箭手	0	1	1
4	256	187	恶魔弓箭手	0	1	1
4	252	184	恶魔弓箭手	0	1	1
4	255	188	恶魔弓箭手	0	1	1
4	251	185	恶魔弓箭手	0	1	1
4	254	189	恶魔弓箭手	0	1	1
4	250	186	恶魔弓箭手	0	1	1
4	253	190	恶魔弓箭手	0	1	1
4	249	187	恶魔弓箭手	0	1	1
4	215	193	恶魔弓箭手	0	1	1
4	219	189	恶魔弓箭手	0	1	1


;苍月岛
5	122	334	弓箭守卫	0	1	10
5	136	336	弓箭守卫	0	1	10
5	143	324	弓箭守卫	0	1	10
5	164	357	弓箭守卫	0	1	10
5	169	352	弓箭守卫	0	1	10
5	140	362	弓箭守卫	0	1	10
5	131	301	弓箭守卫	0	1	10

;白日门
11	43	480	弓箭守卫	0	1	10
11	49	474	弓箭守卫	0	1	10

11	353	247	弓箭守卫	0	1	10
11	357	243	弓箭守卫	0	1	10

12	321	474	弓箭守卫	0	1	10
12	327	468	弓箭守卫	0	1	10


;毒蛇矿区-死亡山谷
D422	332	380	弓箭守卫	0	1	10
D422	328	384	弓箭守卫	0	1	10

E605	10	61	弓箭守卫	0	1	10
E605	15	68	弓箭守卫	0	1	10

D601	13	196	弓箭守卫	0	1	10
D601	7	201	弓箭守卫	0	1	10

E601	139	13	弓箭守卫	0	1	10
E601	138	12	弓箭守卫	0	1	10


;新手训练营
0139	25	25	稻草人	30	10	2
0139	25	25	稻草人	30	10	2
0139	25	25	稻草人	30	10	2
0139	25	25	稻草人	30	10	2
0139	25	25	稻草人	30	10	2
0139	25	25	稻草人	30	10	2


;比奇城
0       350     200     鸡              25      5       5
0       280     260     鸡              25      5       5
0       405     240     鸡              25      5       5
0       340     310     鸡              25      5       5
0       600     580     鹿              40      10      7
0       663     661     鸡              20      10      5
0       295     625     鸡              50      10      5
0       645     625     鸡              40      10      5

;比奇省北部
0	110	60	稻草人	        70	40	9
0	110	80	多钩猫   	60	40	9
0	220	60	稻草人   	60	40	9
0	150	130	多钩猫	        50	40	9
0	140	100	钉耙猫  	50	50	9
0	90	240	半兽人  	60	50	6
0	65	185	毒蜘蛛  	30	30	9
0	120	200	食人花  	60	40	9	
0	210	185	鹿      	45	50	5
0	265	125	鹿      	45	50	5
0	310	95	鹿      	45	50	5
0	225	20	蛤蟆    	20	15	8
0	280	380	蛤蟆    	20	15	8
0	340	80	蛤蟆    	20	15	8
0	60	300	毒蜘蛛	        60	40	9

;比奇省东部
0	420	95	半兽人  	50	50	9
0	570	120	毒蜘蛛   	80	30	9
0	615	110	毒蜘蛛	        50	20	9
0	560	200	半兽人	        90	80	7
0	620	370	毒蜘蛛   	60	40	9
;
0	420	380	鹿	        45	40	5
0	470	330	鹿	        45	40	5
0	395	420	蛤蟆	        40	40	8
0	475	500	食人花   	90	70	9
0	405	515	蛤蟆	        30	30	8
0	500	400	稻草人	        50	40	9
0	510	410	多钩猫   	50	40	9
0	510	410	钉耙猫	        50	40	9
0	560	320	半兽人   	90	60	7
0	480	450	半兽人	        60	50	7
0	600	400	森林雪人	70	30	7
0	600	400	半兽人  	80	60	9
0	610	405	食人花   	60	80	9
0	650	420	毒蜘蛛	        30	30	9

0	600	580	鹿	        40	30	7
0	663	661	鸡	        20	20	5
0	663	661	稻草人	        20	40	5
0	540	530	稻草人	        70	70	5
0	550	550	鹿	        70	70	4
0	570	610	鹿	        50	60	5
0	640	520	多钩猫	        50	40	5
0	640	520	钉耙猫	        50	40	5
0	640	530	稻草人	        50	40	5

0	205	325	鹿	        50	40	5
0	260	380	鹿	        50	40	5
0	300	410	蛤蟆	        50	30	6
0	200	400	稻草人   	50	30	6
0	180	420	多钩猫	        50	30	6
0	180	420	钉耙猫	        50	30	6
0	110	425	森林雪人	70	40	7
0	110	440	半兽人	        70	50	7
0	220	470	半兽人	        70	50	7
0	140	500	半兽人	        50	30	7
0	130	510	食人花	        70	40	9
0	165	550	森林雪人	60	40	7
0	340	550	钉耙猫	        50	50	6
0	340	550	多钩猫	        50	50	6
0	340	550	鹿	        50	40	4
0	247	565	鹿	        50	50	4
0	330	530	稻草人	        40	60	6
0	270	625	鹿	        60	70	4
0	270	625	稻草人   	60	60	5

0       295     625     鸡              50      10      5
0       645     625     鸡              40      10      5

;研究院
0110	5	14	练功师   	0	1	10
0110	8	17	练功师   	0	1	10
0110	10	9	练功师   	0	1	10
0110	13	12	练功师   	0	1	10
0111	5	14	练功师   	0	1	10
0111	8	17	练功师   	0	1	10
0111	10	9	练功师   	0	1	10
0111	13	12	练功师   	0	1	10
0112	5	14	练功师   	0	1	10
0112	8	17	练功师   	0	1	10
0112	10	9	练功师   	0	1	10
0112	13	12	练功师   	0	1	10

;半兽古墓一层
D001	200	200	蝎子	        200	100	8
D001	200	200	骷髅	        200	160	8
D001	200	200	骷髅战士	200	120	8
D001	200	200	洞蛆	        200	70	8
D001	200	200	山洞蝙蝠	200	30	8	100
D001	200	200	山洞蝙蝠	200	45	8
D001	190	125	蝎子	        30	14	8
D001	250	260	骷髅	        30	14	8
D001	250	90	山洞蝙蝠	30	14	8
D001	30	30	山洞蝙蝠	50	30	10


;半兽古墓二层
D002	200	200	洞蛆	        200	80	8
D002	200	200	骷髅战士	200	140	8
D002	200	200	掷斧骷髅	200	80	8
D002	200	200	骷髅战将	200	100	8
D002	200	200	骷髅	        200	80	8
D002	200	200	山洞蝙蝠	200	30	8	50
D002	200	200	山洞蝙蝠	200	40	8
D002	300	230	山洞蝙蝠	30	20	8
;特殊

D002	200	200	骷髅精灵	200	1	60

;半兽古墓三层
D003	200	200	洞蛆	        200	80	8
D003	200	200	骷髅战士	200	120	8
D003	200	200	掷斧骷髅	200	80	8
D003	200	200	骷髅战将	200	120	8
D003	200	200	骷髅	        200	100	8
D003	200	200	山洞蝙蝠	200	30	8	50
D003	200	200	山洞蝙蝠	200	40	8
;特殊

D003	200	200	骷髅精灵	200	2	60

;连接通道一
E401	50	50	洞蛆	        50	15	23
E401	50	50	骷髅战士	50	25	23
E401	50	50	掷斧骷髅	50	15	23
E401	50	50	骷髅战将	50	25	23
E401	50	50	骷髅	        50	20	23
E401	50	50	山洞蝙蝠	50	15	23	50


;连接通道二
E402	50	50	洞蛆	        50	10	23
E402	50	50	骷髅战士	50	15	23
E402	50	50	掷斧骷髅	50	10	23
E402	50	50	骷髅战将	50	15	23
E402	50	50	骷髅	        50	15	23
E402	50	50	山洞蝙蝠	50	10	23	50
E402	50	50	僵尸1	        50	10	23	50
E402	50	50	僵尸2	        50	8	23
E402	50	50	僵尸3	        50	8	23
E402	50	50	僵尸4	        50	8	23
E402	50	50	僵尸5	        50	8	23


;连接通道三
E403	50	50	洞蛆	        50	4	23
E403	50	50	骷髅战士	50	10	23
E403	50	50	掷斧骷髅	50	4	23
E403	50	50	骷髅战将	50	10	23
E403	50	50	骷髅	        50	6	23
E403	50	50	山洞蝙蝠	50	4	23	50
E403	50	50	僵尸1	        50	15	23	50
E403	50	50	僵尸2     	50	10	23
E403	50	50	僵尸3	        50	10	23
E403	50	50	僵尸4	        50	10	23
E403	50	50	僵尸5	        50	10	23

;连接通道四
E404	50	50	僵尸1	        50	20	23	50
E404	50	50	僵尸2	        50	15	23
E404	50	50	僵尸3	        50	15	23
E404	50	50	僵尸4	        50	15	23
E404	50	50	僵尸5	        50	15	23


;天然洞穴一层
D011	200	200	骷髅	        200	120	8
D011	200	200	骷髅战士	200	120	8
D011	200	200	蝎子	        200	100	8
D011	200	200	山洞蝙蝠	200	30	8	100
D011	200	200	山洞蝙蝠	200	45	8	100
D011	200	200	洞蛆	        200	100	8
;特殊

D011	200	200	骷髅精灵	200	1	60

;天然洞穴二层
D012	200	200	骷髅	        200	80	8
D012	200	200	骷髅战士	200	120	8
D012	200	200	骷髅战将	200	120	8
D012	200	200	掷斧骷髅	200	100	8
D012	200	200	蝎子	        200	70	8
D012	200	200	洞蛆     	200	50	8
D012	200	200	山洞蝙蝠	200	30	8	100
D012	200	200	山洞蝙蝠	200	40	8
D012	200	200	山洞蝙蝠	200	10	8	100
D012	200	200	山洞蝙蝠	200	10	8	100
D012	200	200	山洞蝙蝠	200	10	8	100
;特殊

D012	200	200	骷髅精灵	200	2	60

;沃玛自然洞穴一层
E001	50	50	洞蛆	        50	15	23
E001	50	50	骷髅战士	50	25	23
E001	50	50	掷斧骷髅	50	15	23
E001	50	50	骷髅战将	50	25	23
E001	50	50	骷髅	        50	20	23
E001	50	50	山洞蝙蝠	50	15	23	50


;沃玛自然洞穴二层
E002	50	50	洞蛆	        50	15	23
E002	50	50	骷髅战士	50	25	23
E002	50	50	掷斧骷髅	50	15	23
E002	50	50	骷髅战将	50	25	23
E002	50	50	骷髅	        50	20	23
E002	50	50	山洞蝙蝠	50	15	23	50


;沃玛森林
1	145	60	森林雪人	80	35	7
1	145	60	森林雪人	80	35	7
1	302	164	半兽人	        150	200	6
1	302	164	半兽战士	150	40	6
1	302	164	半兽勇士	150	2	60
1	302	164	森林雪人	150	90	6
1	352	382	半兽人   	100	30	6
1	352	382	半兽战士	100	10	6
1	352	382	半兽勇士	100	4	60
1	250	230	森林雪人	230	300	5
1	250	230	半兽人   	230	200	6
1	250	230	半兽战士	230	50	6
1	250	230	半兽勇士	230	1	60
1	219	381	半兽人  	100	50	6
1	219	381	半兽战士	100	10	6
1	219	381	半兽勇士	100	4	60
1	219	381	森林雪人	100	90	5
1	238	511	毒蜘蛛	        80	50	6
1	497	465	钉耙猫  	50	40	9
1	497	445	多钩猫	        50	40	9
1	250	250	食人花	        250	100	9


;封魔谷
4	322	334	半兽战士	90	40	5
4	322	334	半兽勇士9	90	20	7
4	322	334	半兽勇士1	90	10	7
4	322	334	骷髅	        90	20	5
4	322	334	骷髅战士	90	20	5
4	322	334	骷髅战将	90	20	5
4	322	334	掷斧骷髅	90	20	5

4	348	190	半兽战士	90	40	5
4	348	190	半兽勇士9	90	20	7
4	348	190	半兽勇士1	90	10	7
4	348	190	骷髅	        90	20	5
4	348	190	骷髅战士	90	20	5
4	348	190	骷髅战将	90	20	5
4	348	190	掷斧骷髅	90	20	5

4	107	138	半兽战士	90	40	5
4	107	138	半兽勇士9	90	20	7
4	107	138	半兽勇士1	90	10	7
4	107	138	骷髅	        90	20	5
4	107	138	骷髅战士	90	20	5
4	107	138	骷髅战将	90	20	5
4	107	138	掷斧骷髅	90	20	5

4	126	311	半兽战士	90	40	5
4	126	311	半兽勇士9	90	20	7
4	126	311	半兽勇士1	90	10	7
4	126	311	骷髅	        90	20	5
4	126	311	骷髅战士	90	20	5
4	126	311	骷髅战将	90	20	5
4	126	311	掷斧骷髅	90	20	5

4	199	99	骷髅	        50	20	6
4	199	99	骷髅战士	50	20	6
4	199	99	骷髅战将	50	20	6
4	199	99	掷斧骷髅	50	20	6

4	274	259	骷髅	        15	4	6
4	274	259	骷髅战士	15	4	6
4	274	259	骷髅战将	15	4	6
4	274	259	掷斧骷髅	15	4	6
4	274	259	僵尸2	        15	4	6

4	170	267	骷髅	        15	4	6
4	170	267	骷髅战士	15	4	6
4	170	267	骷髅战将	15	4	6
4	170	267	掷斧骷髅	15	4	6
4	170	267	僵尸2	        15	4	6

4	289	154	骷髅	        15	4	6
4	289	154	骷髅战士	15	4	6
4	289	154	骷髅战将	15	4	6
4	289	154	掷斧骷髅	15	4	6
4	289	154	僵尸2	        15	4	6

4	443	192	半兽勇士9	20	5	7
4	443	192	半兽战士	20	10	7
4	443	192	骷髅战士	20	5	7
4	443	192	骷髅	        20	5	7
4	443	192	掷斧骷髅	20	5	7

4	73	85	半兽勇士9	20	10	7
4	73	85	半兽勇士1	20	5	7
4	73	85	骷髅战将	20	5	7
4	73	85	僵尸1	        20	5	7
4	73	85	僵尸2	        20	5	7

;特殊

4	107	138	骷髅精灵	80	2	60
4	322	334	半兽统领	80	2	60
4	123	404	千年树妖	0	1	360

;封魔皇宫
B341	21	25	沃玛卫士	20	2	60

;苍月岛
5	550	530	半兽战士	300	50	10
5	550	530	半兽勇士9	300	20	10
5	550	530	半兽勇士1	300	10	10
5	550	530	骷髅	        300	20	10
5	550	530	骷髅战士	300	20	10
5	550	530	骷髅战将	300	20	10
5	550	530	掷斧骷髅	300	20	10
5	550	530	半兽战士	300	50	10
5	550	530	半兽勇士9	300	20	10
5	550	530	半兽勇士1	300	10	10
5	550	530	骷髅	        300	20	10
5	550	530	骷髅战士	300	20	10
5	550	530	骷髅战将	300	20	10
5	550	530	掷斧骷髅	300	20	10
5	550	530	半兽战士	300	50	10
5	550	530	半兽勇士9	300	20	10
5	550	530	半兽勇士1	300	10	10
5	550	530	骷髅	        300	20	10
5	550	530	骷髅战士	300	20	10
5	550	530	骷髅战将	300	20	10
5	550	530	掷斧骷髅	300	20	10
5	550	530	半兽战士	300	50	10
5	550	530	半兽勇士9	300	20	10
5	550	530	半兽勇士1	300	10	10
5	550	530	骷髅	        300	20	10
5	550	530	骷髅战士	300	20	10
5	550	530	骷髅战将	300	20	10
5	550	530	掷斧骷髅	300	20	10
5	550	530	半兽战士	300	50	10
;特殊
5	450	530	宝箱	        250	5	30
5	450	530	宝箱	        250	3	60
5	450	530	宝箱    	250	2	90
5	450	530	宝箱     	250	1	120
5	450	530	宝箱8   	250	1	240

;白日门
11	108	422	森林雪人	50	30	7
11	108	422	半兽人	        50	10	7
11	108	422	半兽战士	50	30	7
11	108	422	半兽勇士9	50	10	10
11	108	422	半兽统领	50	4	60
11	147	211	森林雪人	80	20	7
11	147	211	半兽战士	80	30	7
11	147	211	半兽勇士9	80	10	10
11	147	211	半兽统领	80	4	60
11	321	266	森林雪人	80	30	7
11	321	266	半兽战士	80	40	6
11	321	266	半兽勇士9	80	20	10
11	321	266	半兽统领	80	6	60
11	348	132	半兽人   	100	10	6
11	348	132	半兽战士	80	40	6
11	348	132	半兽勇士9	80	10	10
11	348	132	半兽统领	80	4	60
11	348	132	森林雪人	100	40	7

11	380	270	钉耙猫  	90	10	7
11	100	450	多钩猫  	90	10	7

11	147	211	毒蜘蛛  	60	30	6
11	147	211	剧毒蜘蛛	60	3	30
11	147	211	天狼蜘蛛	60	10	30
11	321	266	毒蜘蛛  	80	40	7
11	321	266	剧毒蜘蛛	80	4	30
11	348	132	毒蜘蛛  	60	30	6
11	348	132	剧毒蜘蛛	60	3	30
11	45	380	食人花  	100	40	9
11	360	255	天狼蜘蛛	80	20	15
11	321	266	半兽勇士	80	3	60
11	147	211	半兽勇士	80	3	60
11	348	132	半兽勇士	80	3	60


;特殊
11	200	200	鹰卫    	200	1	240

;白日门馆长屋	
;1002	12	12	虎卫    	5	1	240

;丛林迷宫
12	100	60	天狼蜘蛛	100	20	8
12	100	60	暴牙蜘蛛	100	10	10
12	100	60	花吻蜘蛛	100	10	10
12	290	160	天狼蜘蛛	100	10	8
12	290	160	暴牙蜘蛛	100	10	10
12	290	160	花吻蜘蛛	100	10	10
12	50	300	天狼蜘蛛	100	10	8
12	50	300	暴牙蜘蛛	100	10	10
12	50	300	花吻蜘蛛	100	10	10
12	80	220	天狼蜘蛛	100	10	8
12	80	220	暴牙蜘蛛	100	10	10
12	80	220	花吻蜘蛛	100	10	10
12	160	210	天狼蜘蛛	100	10	8
12	160	210	暴牙蜘蛛	100	10	10
12	160	210	花吻蜘蛛	100	10	10
12	190	330	天狼蜘蛛	100	10	8
12	190	330	暴牙蜘蛛	100	10	10
12	190	330	花吻蜘蛛	100	10	10
12	288	328	剧毒蜘蛛	100	10	6
12	288	328	天狼蜘蛛	100	10	8
12	288	328	暴牙蜘蛛	100	10	10
12	288	328	花吻蜘蛛	100	10	10
12	190	330	剧毒蜘蛛	250	20	6

;特殊
12	50	300	鹰卫	        150	1	180

;毒蛇山谷
2	250	250	红蛇	        220	20	6
2	320	130	红蛇    	100	25	6
2	250	250	食人花  	200	20	6
2	100	250	毒蜘蛛  	60	20	6
2	350	100	毒蜘蛛  	50	20	6
2	260	200	多钩猫  	60	20	6
2	260	200	红蛇    	60	20	6
2	260	170	钉耙猫  	60	20	6
2	260	170	红蛇    	60	20	6
2	420	80	毒蜘蛛  	50	20	7
2	448	362	虎蛇    	60	20	6
2	400	180	虎蛇    	120	20	6
2	250	280	虎蛇    	120	20	5
2	250	250	红蛇    	220	20	5	50
2	140	250	红蛇    	80	20	5
2	300	330	半兽人  	100	20	6
2	400	130	半兽人  	100	25	6
2	300	400	多钩猫  	200	20	6
2	300	400	钉耙猫  	200	20	6


;盟重土城
3	380	410	羊      	60	40	6
3	380	290	羊      	60	40	6
3	160	250	猎鹰    	80	20	7
3	500	125	猎鹰    	40	20	7
3	150	230	盔甲虫  	100	40	7
3	100	390	沙虫    	50	40	7
3	320	150	盔甲虫   	100	40	7
3	320	150	沙虫    	30	40	7
3	416	200	盔甲虫  	70	40	7
3	583	130	盔甲虫  	70	40	7
3	500	140	多角虫  	60	40	7
3	666	115	多角虫  	60	40	7
3	500	140	巨型多角虫	500	20	30
3	790	100	狼      	50	20	6
3	880	70	狼      	50	20	6
3	880	370	狼      	100	40	6
3	666	660	多角虫   	100	40	7
3	710	500	盔甲虫  	120	40	7
3	710	625	威思而小虫	50	20	7
3	130	590	狼      	100	40	6
3	333	560	狼      	120	40	6
3	450	560	狼      	120	40	6
3	333	560	虎蛇    	150	40	6


;废矿入口
D401	100	100	僵尸2	        100	75	10
D401	100	100	僵尸3           100	75	10
D401	100	100	洞蛆            100	45	10

;废矿区东部
D402	100	100	僵尸2           100	75	8
D402	100	100	僵尸3   	100	75	8
D402	100	100	洞蛆    	100	45	8

;特殊
D402	137	107	僵尸2   	0	1	30
;矿区一层
D403	100	100	僵尸2   	100	75	8
D403	100	100	僵尸3   	100	75	8
D403	100	100	僵尸5   	100	45	8

;矿区B二层
D404	100	100	僵尸1   	100	30	8
D404	100	100	尸王    	100	1	60


;矿物回收站
D405	100	100	僵尸1   	100	15	8
D405	100	100	尸王    	100	1	60

;废矿区南部
D406	100	100	僵尸4   	100	75	8
D406	100	100	僵尸1   	100	30	8
D406	100	100	僵尸5   	100	45	8
D406	100	100	僵尸2   	100	30	8
D406	100	100	尸王    	100	1	60


;矿区A一层
D411    50      50      僵尸2           50      40      9

;桥
D413    50      50      僵尸3           50      40      9

;桥
D412    50      50      僵尸4           50      40      9

;桥
D416	50	50	僵尸5	        50	40	9

;桥
D415	50	50	僵尸5   	50	40	9

;尸王殿
Q004	15	15	尸王   	        5	30	30

;山谷矿区一层
D421	200	200	僵尸2   	180	150	8
D421	200	200	僵尸3   	180	150	8
D421	200	200	僵尸4   	180	150	8
D421	100	100	尸王    	100	1	60


;山谷矿区二层
D422	200	200	僵尸1   	180	75	8
D422	100	100	尸王    	100	1	60



;连接通道
E601	75	75	僵尸1   	75	50	23
E601	75	75	僵尸2   	75	40	23
E601	75	75	僵尸3   	75	40	23
E601	75	75	僵尸4   	75	40	23
E601	75	75	僵尸5   	75	40	23

;连接通道
E602	75	75	僵尸1   	75	40	23
E602	75	75	僵尸2   	75	35	23
E602	75	75	僵尸3   	75	35	23
E602	75	75	僵尸4   	75	35	23
E602	75	75	僵尸5   	75	35	23
E602	75	75	蜈蚣    	75	35	23
E602	75	75	黑色恶蛆	75	35	23
E602	75	75	跳跳蜂  	75	35	23
E602	75	75	钳虫	        75	35	23

;连接通道
E603	100	100	僵尸1   	100	40	23
E603	100	100	僵尸2   	100	30	23
E603	100	100	僵尸3   	100	30	23
E603	100	100	僵尸4   	100	30	23
E603	100	100	僵尸5   	100	30	23
E603	100	100	蜈蚣    	100	30	23
E603	100	100	黑色恶蛆	100	40	23
E603	100	100	跳跳蜂  	100	40	23
E603	100	100	钳虫    	100	40	23

;连接通道
E604	75	75	僵尸1   	75	30	23
E604	75	75	僵尸2   	75	20	23
E604	75	75	僵尸3   	75	20	23
E604	75	75	僵尸4   	75	20	23
E604	75	75	僵尸5   	75	20	23
E604	75	75	蜈蚣     	75	40	23
E604	75	75	黑色恶蛆	75	40	23
E604	75	75	跳跳蜂  	75	40	23
E604	75	75	钳虫    	75	40	23

;连接通道
E605	50	50	蜈蚣    	50	40	23
E605	50	50	黑色恶蛆	50	40	23
E605	50	50	跳跳蜂  	50	40	23
E605	50	50	钳虫    	50	40	23


;沃玛寺庙入口
D021	50	44	山洞蝙蝠	60	40	20
D021	50	44	山洞蝙蝠	60	10	20	100
D021	50	44	山洞蝙蝠	60	10	20	100
D021	50	44	山洞蝙蝠	60	10	20	100
D021	50	44	山洞蝙蝠	60	10	20	100
D021	50	44	山洞蝙蝠	60	10	20	100
D021	50	44	山洞蝙蝠	60	10	20	100
D021	50	44	山洞蝙蝠	60	10	20	100
D021	50	44	山洞蝙蝠	60	10	20	100
D021	50	44	洞蛆    	60	30	20

;沃玛寺庙一层
D022	250	250	粪虫    	250	120	9
D022	250	250	沃玛战士	250	140	9
D022	250	250	沃玛勇士	250	90	9
D022	250	250	沃玛战将	250	90	9
D022	250	250	火焰沃玛	250	60	9
D022	200	200	沃玛卫士	200	2	120
D022	250	250	山洞蝙蝠	250	10	9	100
D022	250	250	山洞蝙蝠	250	10	9	100
D022	250	250	山洞蝙蝠	250	10	9	100
D022	250	250	山洞蝙蝠	250	10	9	100
D022	250	250	山洞蝙蝠	250	10	9	100
D022	250	250	山洞蝙蝠	250	10	9	100
D022	250	250	山洞蝙蝠	250	10	9	100
D022	250	250	山洞蝙蝠	250	10	9	100

;沃玛寺庙二层
D023	200	200	暗黑战士	200	100	9
D023	200	200	粪虫    	200	60	9
D023	200	200	沃玛战士	200	80	9
D023	200	200	沃玛勇士	200	120	9
D023	200	200	沃玛战将	200	120	9
D023	200	200	火焰沃玛	200	80	9
D023	200	200	沃玛卫士	200	2	60
D023	200	200	山洞蝙蝠	200	20	9	100
D023	200	200	山洞蝙蝠	200	20	9	100
D023	200	200	山洞蝙蝠	200	20	9	100
D023	200	200	山洞蝙蝠	200	30	9


;沃玛教主大殿
D024	40	40	沃玛勇士	20	6	5	50
D024	40	40	沃玛战将	20	6	5	50
D024	40	40	火焰沃玛	20	6	5	50
D024	50	50	暗黑战士	20	5	5	50
D024	60	60	沃玛勇士	20	3	5	50
D024	50	40	沃玛战将	20	3	5
D024	50	40	火焰沃玛	20	3	5
D024	50	40	暗黑战士	20	5	5
D024	60	50	暗黑战士	20	5	5
D024	50	60	沃玛勇士	20	3	5
D024	50	60	沃玛战将	20	3	5
D024	20	21	沃玛勇士	7	5	5
D024	20	21	沃玛战将	7	5	5
D024	20	21	火焰沃玛	7	5	5
D024	20	21	暗黑战士	7	8	5
;特殊
D024	50	50	沃玛卫士	30	2	30
D024	50	50	沃玛教主	1	1	60

;祖玛寺庙一层
D501	200	200	楔蛾    	100	20	8
D501	100	300	楔蛾    	100	20	8
D501	300	100	楔蛾    	100	20	8
D501	100	100	楔蛾    	100	20	8
D501	300	300	楔蛾    	100	20	8
D501	200	200	角蝇    	100	3	8
D501	100	300	角蝇     	100	3	8
D501	300	100	角蝇    	100	3	8
D501	100	100	角蝇    	100	3	8
D501	300	300	角蝇    	100	3	8
D501	200	200	大老鼠  	100	20	8
D501	100	660	大老鼠  	100	20	8
D501	660	100	大老鼠  	100	20	8
D501	100	100	大老鼠  	100	20	8
D501	660	660	大老鼠  	100	20	8

;祖玛寺庙二层
D502	200	200	大老鼠  	100	30	8
D502	100	300	大老鼠  	100	30	8
D502	300	100	大老鼠  	100	30	8
D502	100	100	大老鼠  	100	30	8
D502	300	300	大老鼠  	100	30	8
D502	200	200	角蝇    	100	3	8
D502	100	300	角蝇    	100	3	8
D502	300	100	角蝇    	100	3	8
D502	100	100	角蝇    	100	3	8
D502	300	300	角蝇    	100	3	8
D502	200	200	楔蛾    	100	30	8
D502	100	300	楔蛾    	100	30	8
D502	300	100	楔蛾    	100	30	8
D502	100	100	楔蛾    	100	30	8
D502	300	300	楔蛾    	100	30	8

;祖玛寺庙三层
D503	200	200	角蝇    	100	3	8
D503	100	300	角蝇    	100	3	8
D503	300	100	角蝇    	100	3	8
D503	100	100	角蝇    	100	3	8
D503	300	300	角蝇    	100	3	8
D503	200	200	祖玛弓箭手	100	16	8
D503	100	300	祖玛弓箭手	100	16	8
D503	300	100	祖玛弓箭手	100	16	8
D503	100	100	祖玛弓箭手	100	16	8
D503	300	300	祖玛弓箭手	100	16	8
D503	200	200	祖玛雕像	100	16	8
D503	100	300	祖玛雕像	100	16	8
D503	300	100	祖玛雕像	100	16	8
D503	100	100	祖玛雕像	100	16	8
D503	300	300	祖玛雕像	100	16	8
D503	200	200	祖玛卫士	100	16	8
D503	100	300	祖玛卫士	100	16	8
D503	300	100	祖玛卫士	100	16	8
D503	100	100	祖玛卫士	100	16	8
D503	300	300	祖玛卫士	100	16	8
D503	200	200	楔蛾    	100	16	8
D503	100	300	楔蛾    	100	16	8
D503	300	100	楔蛾    	100	16	8
D503	100	100	楔蛾     	100	16	8
D503	300	300	楔蛾    	100	16	8
D503	200	200	大老鼠   	200	80	10
;特殊
D503	200	200	祖玛雕像3	200	2	20
D503	200	200	祖玛卫士3	200	2	20
D503	200	200	祖玛弓箭手3	200	2	20
;祖玛寺庙四层
D504	200	200	祖玛弓箭手	180	100	8
D504	200	200	祖玛雕像	180	100	8
D504	200	200	祖玛卫士	180	100	8
D504	200	200	楔蛾    	180	100	8
D504	200	200	角蝇    	100	3	8
D504	100	300	角蝇    	100	3	8
D504	300	100	角蝇    	100	3	8
D504	100	100	角蝇    	100	3	8
D504	300	300	角蝇    	100	3	8
D504	200	200	大老鼠  	200	100	10
;特殊
D504	200	200	祖玛雕像3	200	4	20
D504	200	200	祖玛卫士3	200	4	20
D504	200	200	祖玛弓箭手3	200	4	20
;祖玛寺庙五层
D505	100	100	祖玛弓箭手	100	100	10
D505	100	100	祖玛雕像	100	100	10
D505	100	100	祖玛卫士	100	100	10
D505	100	100	楔蛾    	100	100	10
D505	100	100	角蝇    	100	30	10
;特殊
D505	100	100	祖玛雕像3	100	3	20
D505	100	100	祖玛卫士3	100	3	20
D505	100	100	祖玛弓箭手3	100	3	20
D505	154	172	祖玛卫士00	8	1	30
D505	154	172	祖玛卫士	8	7	60
D505	154	172	楔蛾	        8	8	60
D505	154	172	祖玛弓箭手	8	8	60
D505	154	172	角蝇	        8	10	60
D505	154	172	祖玛雕像	8	8	60

;祖玛阁
D5061	11	13	祖玛弓箭手	2	1	3
D5061	11	13	祖玛卫士	2	1	3
D5061	11	13	楔蛾    	2	12	5
D5061	11	13	角蝇    	2	1	5
D5061	37	13	祖玛雕像	2	1	3
D5061	37	13	祖玛弓箭手	2	1	3
D5061	37	13	祖玛卫士	2	1	3
D5061	37	13	楔蛾    	2	12	5
D5061	37	13	楔蛾     	2	1	5
D5061	63	13	祖玛雕像	2	1	3
D5061	63	13	祖玛卫士	2	1	3
D5061	63	13	楔蛾    	2	2	5
D5061	63	13	楔蛾    	2	5	5
D5061	89	41	楔蛾    	2	1	5
D5061	89	41	祖玛弓箭手	2	1	3
D5061	12	74	祖玛雕像	2	1	3
D5061	12	74	祖玛卫士	2	1	3
D5061	12	74	楔蛾    	2	2	5
D5061	12	74	楔蛾    	2	1	5
D5061	12	74	祖玛弓箭手	2	1	3
D5061	37	73	祖玛雕像	2	1	3
D5061	37	73	祖玛卫士	2	1	3
D5061	37	73	楔蛾    	2	2	5
	
D5062	63	13	祖玛卫士	2	1	3
D5062	63	13	楔蛾    	2	2	5
D5062	63	13	楔蛾    	2	2	5
D5062	63	13	祖玛弓箭手	2	1	3
D5062	88	14	祖玛雕像	2	1	3
D5062	88	14	祖玛卫士	2	1	3
D5062	88	14	楔蛾    	2	2	5
D5062	87	73	祖玛弓箭手	2	2	3


D5063	11	13	祖玛雕像	2	1	3
D5063	11	13	祖玛弓箭手	2	1	3
D5063	11	13	祖玛卫士	2	1	3
D5063	11	13	楔蛾    	2	2	5
D5063	11	13	楔蛾    	2	1	5
D5063	11	41	祖玛弓箭手	2	1	3
D5063	37	41	祖玛卫士	2	1	3
D5063	37	41	祖玛雕像	2	1	3
D5063	37	41	楔蛾    	2	2	5
D5063	37	41	角蝇    	2	1	5
D5063	37	41	祖玛卫士	2	1	3
D5063	63	41	祖玛雕像	2	1	3

D5064	11	13	祖玛雕像	2	1	3
D5064	11	13	祖玛弓箭手	2	1	3
D5064	11	13	祖玛卫士	2	1	3
D5064	11	13	楔蛾    	2	2	5
D5064	11	13	楔蛾    	2	1	5
D5064	37	13	祖玛雕像	2	1	3
D5064	37	13	祖玛弓箭手	2	1	3
D5064	37	41	楔蛾    	2	2	5
D5064	37	41	角蝇    	2	1	5
D5064	37	41	祖玛卫士	2	1	3
D5064	63	41	祖玛雕像	2	1	3
D5064	63	41	楔蛾    	2	2	5
D5064	63	41	楔蛾    	2	1	5
D5064	63	41	祖玛弓箭手	2	1	3
D5064	63	41	祖玛卫士	2	1	3


D5065	11	13	祖玛雕像	2	1	3
D5065	11	13	祖玛弓箭手	2	1	3
D5065	87	73	楔蛾    	2	2	5
D5065	87	73	楔蛾    	2	1	5
D5065	87	73	祖玛弓箭手	2	1	3


D5066	11	13	祖玛雕像	2	1	3
D5066	11	13	祖玛弓箭手	2	1	3
D5066	89	41	祖玛弓箭手	2	1	3
D5066	12	74	祖玛雕像	2	1	3
D5066	12	74	祖玛卫士	2	1	3

D5066	12	74	楔蛾    	2	2	5
D5066	12	74	楔蛾    	2	1	5
D5066	12	74	祖玛弓箭手	2	1	3
D5066	37	73	祖玛雕像	2	1	3
D5066	37	73	祖玛卫士	2	1	3
D5066	37	73	楔蛾     	2	2	5
D5066	37	73	角蝇    	2	1	5
D5066	37	73	祖玛弓箭手	2	1	3
D5066	63	73	祖玛雕像	2	1	3

D5067	12	74	楔蛾     	2	2	5
D5067	12	74	角蝇    	2	1	5
D5067	12	74	祖玛弓箭手	2	1	3
D5067	37	73	祖玛雕像	2	1	3
D5067	37	73	祖玛卫士	2	1	3
D5067	37	73	楔蛾    	2	2	5
D5067	37	73	角蝇    	2	1	5
D5067	37	73	祖玛弓箭手	2	1	3
D5067	63	73	祖玛雕像	2	1	3

D5068	63	41	祖玛弓箭手	2	1	3
D5068	89	41	祖玛雕像	2	1	3
D5068	63	41	祖玛卫士	2	1	3
D5068	89	41	祖玛卫士	2	1	3
D5068	87	73	祖玛卫士	2	1	3
D5068	87	73	楔蛾    	2	2	5
D5068	87	73	角蝇    	2	1	5
D5068	87	73	祖玛弓箭手	2	1	3


D5069	11	13	祖玛雕像	2	1	3
D5069	11	13	祖玛弓箭手	2	1	3
D5069	11	13	祖玛卫士	2	1	3
D5069	11	13	楔蛾    	2	2	5
D5069	11	13	角蝇    	2	1	5
D5069	12	74	角蝇    	2	1	5
D5069	12	74	祖玛弓箭手	2	1	3
D5069	37	73	祖玛雕像	2	1	3
D5069	37	73	祖玛卫士	2	1	3

;祖玛七层一
D5072	50	50	祖玛雕像	50	45	8
D5072	50	50	祖玛卫士	50	45	8
D5072	50	50	祖玛弓箭手	50	45	8
D5072	50	50	楔蛾    	50	45	8
D5072	50	50	角蝇    	50	5	8
;特殊
D5072	50	50	祖玛雕像3	50	10	20
D5072	50	50	祖玛卫士3	50	10	20
D5072	50	50	祖玛弓箭手3	50	10	20

;祖玛七层二
D5073	50	50	祖玛雕像	50	45	8
D5073	50	50	祖玛卫士	50	45	8
D5073	50	50	祖玛弓箭手	50	45	8
D5073	50	50	楔蛾     	50	45	8
D5073	50	50	角蝇    	50	5	8
;特殊
D5073	50	50	祖玛雕像3	50	10	20
D5073	50	50	祖玛卫士3	50	10	20
D5073	50	50	祖玛弓箭手3	50	10	20

;祖玛七层三
D5074	50	50	祖玛雕像	50	45	8
D5074	50	50	祖玛卫士	50	45	8
D5074	50	50	祖玛弓箭手	50	45	8
D5074	50	50	楔蛾    	50	45	8
D5074	50	50	角蝇    	50	5	8
D5074	73	22	祖玛雕像	7	5	11
D5074	73	22	祖玛卫士	7	5	11
D5074	73	22	祖玛弓箭手	7	5	11
D5074	73	22	楔蛾    	7	5	11
D5074	73	22	角蝇    	7	3	11

;特殊
D5074	50	50	祖玛雕像3	50	15	20
D5074	50	50	祖玛卫士3	50	15	20
D5074	50	50	祖玛弓箭手3	50	15	20


;祖玛教主之家
D515	22	20	角蝇    	20	2	16
D515	73	22	楔蛾    	7	6	11
D515	19	24	祖玛教主	0	1	180

;地牢一层东
D601	40	27	蜈蚣    	50	25	6
D601	18	166	蜈蚣    	50	25	6
D601	161	208	蜈蚣    	50	25	6
D601	84	104	蜈蚣    	50	25	6
D601	187	36	蜈蚣    	50	25	6
D601	144	73	蜈蚣    	50	25	6
D601	100	100	蜈蚣    	100	10	10	50
D601	100	100	蜈蚣    	100	10	10	50
D601	40	27	跳跳蜂   	50	25	6
D601	18	166	跳跳蜂  	50	25	6
D601	161	208	跳跳蜂  	50	25	6
D601	84	104	巨型蠕虫	50	25	6
D601	187	36	巨型蠕虫	50	25	6
D601	144	73	巨型蠕虫	50	25	6
D601	40	27	黑色恶蛆	50	5	6
D601	18	166	黑色恶蛆	50	5	6
D601	161	208	黑色恶蛆	50	5	6
D601	84	104	黑色恶蛆	50	5	6
D601	187	36	黑色恶蛆	50	5	6
D601	144	73	黑色恶蛆	50	5	6


;地牢一层西
D602	60	47	蜈蚣    	60	18	6
D602	101	101	蜈蚣    	60	18	6
D602	78	167	蜈蚣    	60	18	6
D602	144	151	蜈蚣    	60	18	6
D602	178	43	蜈蚣    	60	18	6
D602	100	100	蜈蚣     	100	10	10	50
D602	100	100	蜈蚣    	100	10	10	50
D602	60	47	钳虫    	60	14	6
D602	101	101	钳虫    	60	14	6
D602	78	167	钳虫    	60	14	6
D602	144	151	钳虫    	60	14	6
D602	178	43	钳虫    	60	14	6
D602	100	100	钳虫    	100	10	10	50
D602	100	100	钳虫    	100	10	10	50
D602	60	47	黑色恶蛆	60	8	6
D602	101	101	黑色恶蛆	60	8	6
D602	78	167	黑色恶蛆	60	8	6
D602	144	151	黑色恶蛆	60	8	6
D602	178	43	黑色恶蛆	60	8	6

;地牢一层北
D603	76	94	黑色恶蛆	60	10	7
D603	60	150	黑色恶蛆	60	10	7
D603	159	59	黑色恶蛆	60	10	7
D603	138	161	黑色恶蛆	60	10	7
D603	76	94	钳虫    	60	20	7
D603	60	150	钳虫    	60	20	7
D603	159	59	钳虫    	60	20	7
D603	138	161	钳虫    	60	20	7
D603	76	94	蜈蚣    	60	20	7
D603	60	150	蜈蚣    	60	20	7
D603	159	59	蜈蚣    	60	20	7
D603	138	161	蜈蚣    	60	20	7
D603	100	100	蜈蚣    	100	10	10	50
D603	100	100	蜈蚣    	100	10	10	50
D603	100	100	钳虫    	100	10	10	50
D603	100	100	钳虫    	100	10	10	50
D603	100	100	邪恶钳虫	100	1	90

;地牢一层西
D604	35	42	黑色恶蛆	60	15	7
D604	52	130	黑色恶蛆	60	15	7
D604	148	50	黑色恶蛆	60	15	7
D604	118	112	黑色恶蛆	60	15	7
D604	35	42	跳跳蜂   	60	15	7
D604	52	130	跳跳蜂  	60	15	7
D604	148	50	跳跳蜂  	60	15	7
D604	118	112	跳跳蜂  	60	15	7
D604	35	42	钳虫    	60	20	7
D604	52	130	钳虫    	60	20	7
D604	148	50	钳虫     	60	20	7
D604	118	112	钳虫    	60	20	7
D604	35	42	蜈蚣    	60	20	7
D604	52	130	蜈蚣    	60	20	7
D604	148	50	蜈蚣    	60	20	7
D604	118	112	蜈蚣    	60	20	7
D604	100	100	钳虫    	100	10	10	50
D604	100	100	钳虫    	100	10	10	50
D604	100	100	蜈蚣    	100	10	10	50
D604	100	100	蜈蚣    	100	10	10	50
D604	100	100	邪恶钳虫	100	1	90

;地牢一层北
D605	55	27	黑色恶蛆	50	12	7
D605	89	81	黑色恶蛆	50	12	7
D605	51	131	黑色恶蛆	50	12	7
D605	126	37	黑色恶蛆	50	12	7
D605	162	92	黑色恶蛆	50	12	7
D605	55	27	巨型蠕虫	50	8	7
D605	89	81	巨型蠕虫	50	8	7
D605	51	131	巨型蠕虫	50	8	7
D605	126	37	巨型蠕虫	50	8	7
D605	162	92	巨型蠕虫	50	8	7
D605	55	27	钳虫    	50	12	7
D605	89	81	钳虫    	50	12	7
D605	51	131	钳虫    	50	12	7
D605	126	37	钳虫    	50	12	7
D605	162	92	钳虫    	50	12	7
D605	55	27	蜈蚣    	50	12	7
D605	89	81	蜈蚣    	50	12	7
D605	51	131	蜈蚣    	50	12	7
D605	126	37	蜈蚣    	50	12	7
D605	162	92	蜈蚣    	50	12	7
D605	100	100	钳虫    	100	10	10	50
D605	100	100	钳虫    	100	10	10	50
D605	100	100	蜈蚣    	100	10	10	50
D605	100	100	蜈蚣    	100	10	10	50
D605	100	100	邪恶钳虫	100	1	90

;死亡棺材
D606	19	39	黑色恶蛆	70	20	7
D606	97	81	黑色恶蛆	70	20	7
D606	57	166	黑色恶蛆	70	20	7
D606	178	127	黑色恶蛆	70	20	7
D606	19	39	跳跳蜂  	70	8	7
D606	97	81	跳跳蜂  	70	8	7
D606	57	166	跳跳蜂  	70	8	7
D606	178	127	跳跳蜂  	70	8	7
D606	19	39	巨型蠕虫	70	8	7
D606	97	81	巨型蠕虫	70	8	7
D606	57	166	巨型蠕虫	70	8	7
D606	178	127	巨型蠕虫	70	8	7
D606	19	39	钳虫    	70	20	7
D606	97	81	钳虫    	70	20	7
D606	57	166	钳虫    	70	20	7
D606	178	127	钳虫    	70	20	7
D606	100	100	钳虫    	100	10	10	50
D606	100	100	钳虫    	100	10	10	50
D606	100	100	蜈蚣     	100	80	7
D606	100	100	蜈蚣    	100	10	10	50
D606	100	100	蜈蚣    	100	10	10	50
D606	100	100	邪恶钳虫	100	2	90

D606	83	168	触龙神  	40	1	60
D606	77	170	蜈蚣    	6	3	5	40

;黑暗地带
D612	70	76	黑色恶蛆	70	20	7
D612	210	72	黑色恶蛆	70	20	7
D612	79	220	黑色恶蛆	70	20	7
D612	200	213	黑色恶蛆	70	20	7
D612	70	76	跳跳蜂  	70	10	7
D612	210	72	跳跳蜂  	70	10	7
D612	79	220	跳跳蜂  	70	10	7
D612	200	213	跳跳蜂  	70	10	7
D612	70	76	跳跳蜂  	70	10	7
D612	70	76	巨型蠕虫	70	20	7
D612	210	72	巨型蠕虫	70	20	7
D612	79	220	巨型蠕虫	70	20	7
D612	200	213	巨型蠕虫	70	20	7
D612	70	76	钳虫    	70	20	7
D612	210	72	钳虫    	70	20	7
D612	79	220	钳虫    	70	20	7
D612	200	213	钳虫    	70	20	7
D612	150	134	钳虫    	70	20	7
D612	19	39	钳虫    	70	20	7
D612	97	81	钳虫    	70	20	7
D612	57	166	钳虫    	70	20	7
D612	178	127	钳虫    	70	20	7
D612	150	150	钳虫    	100	10	10	
D612	150	150	钳虫    	100	10	10
D612	150	150	蜈蚣    	100	10	10	
D612	150	150	蜈蚣    	100	10	10	
;特殊
D612	150	150	邪恶钳虫	150	1	60

;一线天

D618	19	39	黑色恶蛆	70	20	7
D618	97	81	黑色恶蛆	70	20	7
D618	57	166	黑色恶蛆	70	20	7
D618	178	127	黑色恶蛆	70	20	7
D618	19	39	跳跳蜂  	70	8	7
D618	97	81	跳跳蜂  	70	8	7
D618	57	166	跳跳蜂  	70	8	7
D618	178	127	跳跳蜂  	70	8	7
D618	19	39	巨型蠕虫	70	8	7
D618	97	81	巨型蠕虫	70	8	7
D618	57	166	巨型蠕虫	70	8	7
D618	178	127	巨型蠕虫	70	8	7
D618	19	39	钳虫    	70	30	7
D618	97	81	钳虫    	70	30	7
D618	57	166	钳虫    	70	30	7
D618	178	127	钳虫    	70	30	7
D618	100	100	钳虫    	100	10	10	
D618	100	100	钳虫    	100	10	10
D618	100	100	蜈蚣    	100	40	7
D618	100	100	蜈蚣    	100	10	10	
D618	100	100	蜈蚣    	100	10	10	
;特殊

D618	100	100	邪恶钳虫	100	2	60

;生死之间
D613	19	17	钳虫    	50	5	7
D613	41	23	钳虫    	50	10	7
D613	52	33	钳虫    	50	10	7
D613	64	47	钳虫    	50	5	7
D613	79	54	钳虫    	50	10	7
D613	77	74	钳虫    	50	10	7
D613	53	76	钳虫    	50	5	7
D613	44	59	钳虫    	50	10	7
D613	28	62	钳虫    	50	10	7
D613	18	56	钳虫    	50	5	7
D613	50	50	黑色恶蛆	70	10	7
D613	50	50	跳跳蜂   	70	10	7
D613	50	50	蜈蚣    	70	20	7
D613	50	50	巨型蠕虫	70	10	7
;特殊
D613	50	50	邪恶钳虫	70	2	60

;传奇部落
D614	67	79	黑色恶蛆	50	5	7
D614	53	71	黑色恶蛆	50	10	7
D614	23	82	黑色恶蛆	50	10	7
D614	27	62	黑色恶蛆	50	5	7
D614	18	29	黑色恶蛆	50	10	7
D614	42	22	黑色恶蛆	50	10	7
D614	60	20	黑色恶蛆	50	5	7
D614	77	32	黑色恶蛆	50	10	7
D614	60	48	黑色恶蛆	50	10	7
D614	87	24	黑色恶蛆	50	5	7
D614	50	50	钳虫    	70	15	7
D614	50	50	跳跳蜂  	70	15	7
D614	50	50	蜈蚣    	70	20	7
D614	50	50	巨型蠕虫	70	15	7

D614	50	50	邪恶钳虫	70	2	60
;邪恶势力
D615	82	78	巨型蠕虫	50	5	7
D615	81	54	巨型蠕虫	50	10	7
D615	79	30	巨型蠕虫	50	10	7
D615	60	22	巨型蠕虫	50	5	7
D615	44	16	巨型蠕虫	50	10	7
D615	16	58	巨型蠕虫	50	5	7
D615	17	81	巨型蠕虫	50	10	7
D615	51	55	巨型蠕虫	50	10	7
D615	49	81	巨型蠕虫	50	5	7
D615	50	50	黑色恶蛆	70	15	7
D615	50	50	跳跳蜂  	70	15	7
D615	50	50	蜈蚣    	70	15	7
D615	50	50	钳虫    	70	20	7
;特殊

D615	50	50	邪恶钳虫	70	2	60
;幽明圣域
D616	20	21	跳跳蜂  	50	10	7
D616	23	38	跳跳蜂  	50	5	7
D616	25	62	跳跳蜂  	50	5	7
D616	11	71	跳跳蜂  	50	10	7
D616	62	66	跳跳蜂  	50	5	7
D616	59	27	跳跳蜂  	50	5	7
D616	77	85	跳跳蜂  	50	10	7
D616	83	55	跳跳蜂  	50	5	7
D616	73	44	跳跳蜂  	50	5	7
D616	82	21	跳跳蜂  	50	10	7
D616	50	50	黑色恶蛆	70	15	7
D616	50	50	巨型蠕虫	70	15	7
D616	50	50	蜈蚣    	70	15	7
D616	50	50	钳虫    	70	20	7
;特殊

D616	50	50	邪恶钳虫	70	2	60

;恐怖空间
D617	51	45	蜈蚣    	50	15	7
D617	28	35	蜈蚣    	50	10	7
D617	20	66	蜈蚣    	50	15	7
D617	45	81	蜈蚣    	50	10	7
D617	69	84	蜈蚣    	50	15	7
D617	69	61	蜈蚣    	50	10	7
D617	83	42	蜈蚣    	50	15	7
D617	80	17	蜈蚣    	50	10	7
D617	87	72	蜈蚣    	50	15	7
D617	82	21	蜈蚣    	50	10	7
D617	50	50	黑色恶蛆	70	15	7
D617	50	50	巨型蠕虫	70	15	7
D617	50	50	跳跳蜂   	70	15	7
D617	50	50	钳虫    	70	20	7
;特殊

D613	50	50	邪恶钳虫	70	2	60

;石墓一层
D711	251	41	红野猪  	30	7	10
D711	321	72	红野猪  	30	7	10
D711	363	146	红野猪  	30	7	10
D711	172	59	红野猪  	30	7	10
D711	210	93	红野猪  	30	7	10
D711	262	140	红野猪  	30	7	10
D711	309	19	红野猪  	30	7	10
D711	350	303	红野猪  	30	7	10
D711	111	105	红野猪  	30	7	10
D711	158	149	红野猪  	30	7	10
D711	200	200	红野猪  	30	7	10
D711	255	306	红野猪  	30	7	10
D711	287	286	红野猪  	30	7	10
D711	56	158	红野猪  	30	7	10
D711	153	237	红野猪  	30	7	10
D711	112	250	红野猪  	30	7	10
D711	114	314	红野猪  	30	7	10
D711	304	340	红野猪  	30	7	10
D711	251	41	黑野猪  	30	5	10
D711	321	72	黑野猪  	30	5	10
D711	363	146	黑野猪  	30	5	10
D711	172	59	黑野猪  	30	5	10
D711	210	93	黑野猪  	30	5	10
D711	262	140	黑野猪  	30	5	10
D711	309	19	黑野猪  	30	5	10
D711	350	303	黑野猪  	30	5	10
D711	111	105	黑野猪  	30	5	10
D711	158	149	黑野猪  	30	5	10
D711	200	200	黑野猪  	30	5	10
D711	255	306	黑野猪  	30	5	10
D711	287	286	黑野猪  	30	5	10
D711	56	158	黑野猪  	30	5	10
D711	153	237	黑野猪  	30	5	10
D711	112	250	黑野猪  	30	5	10
D711	114	314	黑野猪  	30	5	10
D711	304	340	黑野猪  	30	5	10
D711	251	41	黑色恶蛆	30	8	10
D711	321	72	黑色恶蛆	30	8	10
D711	363	146	黑色恶蛆	30	8	10
D711	172	59	黑色恶蛆	30	8	10
D711	210	93	黑色恶蛆	30	8	10
D711	262	140	黑色恶蛆	30	8	10
D711	309	19	黑色恶蛆	30	8	10
D711	350	303	黑色恶蛆	30	8	10
D711	111	105	黑色恶蛆	30	8	10
D711	158	149	黑色恶蛆	30	8	10
D711	200	200	黑色恶蛆	30	8	10
D711	255	306	黑色恶蛆	30	8	10
D711	287	286	黑色恶蛆	30	8	10
D711	56	158	黑色恶蛆	30	8	10
D711	153	237	黑色恶蛆	30	8	10
D711	112	250	黑色恶蛆	30	8	10
D711	114	314	黑色恶蛆	30	8	10
D711	304	340	黑色恶蛆	30	8	10
D711	200	200	楔蛾    	200	25	10
;特殊 

;石墓二层
D712	251	41	红野猪  	30	7	10
D712	321	72	红野猪  	30	7	10
D712	363	146	红野猪  	30	7	10
D712	172	59	红野猪  	30	7	10
D712	210	93	红野猪  	30	7	10
D712	262	140	红野猪  	30	7	10
D712	309	19	红野猪  	30	7	10
D712	350	303	红野猪  	30	7	10
D712	111	105	红野猪  	30	7	10
D712	158	149	红野猪  	30	7	10
D712	200	200	红野猪  	30	7	10
D712	255	306	红野猪  	30	7	10
D712	287	286	红野猪  	30	7	10
D712	56	158	红野猪  	30	7	10
D712	153	237	红野猪  	30	7	10
D712	112	250	红野猪  	30	7	10
D712	114	314	红野猪  	30	7	10
D712	304	340	红野猪  	30	7	10
D712	251	41	黑野猪  	30	5	10
D712	321	72	黑野猪  	30	5	10
D712	363	146	黑野猪  	30	5	10
D712	172	59	黑野猪  	30	5	10
D712	210	93	黑野猪  	30	5	10
D712	262	140	黑野猪  	30	5	10
D712	309	19	黑野猪  	30	5	10
D712	350	303	黑野猪  	30	5	10
D712	111	105	黑野猪  	30	5	10
D712	158	149	黑野猪  	30	5	10
D712	200	200	黑野猪  	30	5	10
D712	255	306	黑野猪  	30	5	10
D712	287	286	黑野猪  	30	5	10
D712	56	158	黑野猪  	30	5	10
D712	153	237	黑野猪  	30	5	10
D712	112	250	黑野猪  	30	5	10
D712	114	314	黑野猪  	30	5	10
D712	304	340	黑野猪  	30	5	10
D712	100	100	黑野猪  	100	3	5	50
D712	300	100	黑野猪  	100	3	5	50
D712	100	300	黑野猪  	100	3	5	50
D712	300	300	黑野猪  	100	3	5	50
D712	251	41	黑色恶蛆	30	5	10
D712	321	72	黑色恶蛆	30	5	10
D712	363	146	黑色恶蛆	30	5	10
D712	172	59	黑色恶蛆	30	5	10
D712	210	93	黑色恶蛆	30	5	10
D712	262	140	黑色恶蛆	30	5	10
D712	309	19	黑色恶蛆	30	5	10
D712	350	303	黑色恶蛆	30	5	10
D712	111	105	黑色恶蛆	30	5	10
D712	158	149	黑色恶蛆	30	5	10
D712	200	200	黑色恶蛆	30	5	10
D712	255	306	黑色恶蛆	30	5	10
D712	287	286	黑色恶蛆	30	5	10
D712	56	158	黑色恶蛆	30	5	10
D712	153	237	黑色恶蛆	30	5	10
D712	112	250	黑色恶蛆	30	5	10
D712	114	314	黑色恶蛆	30	5	10
D712	304	340	黑色恶蛆	30	5	10
D712	200	200	楔蛾    	200	35	10
;特殊

;石墓三层
D713	251	41	红野猪  	30	7	10
D713	321	72	红野猪  	30	7	10
D713	363	146	红野猪  	30	7	10
D713	172	59	红野猪  	30	7	10
D713	210	93	红野猪  	30	7	10
D713	262	140	红野猪  	30	7	10
D713	309	19	红野猪  	30	7	10
D713	350	303	红野猪  	30	7	10
D713	111	105	红野猪  	30	7	10
D713	158	149	红野猪  	30	7	10
D713	200	200	红野猪  	30	7	10
D713	255	306	红野猪  	30	7	10
D713	287	286	红野猪  	30	7	10
D713	56	158	红野猪  	30	7	10
D713	153	237	红野猪  	30	7	10
D713	112	250	红野猪  	30	7	10
D713	114	314	红野猪   	30	7	10
D713	304	340	红野猪  	30	7	10
D713	251	41	黑野猪   	30	5	10
D713	321	72	黑野猪  	30	5	10
D713	363	146	黑野猪  	30	5	10
D713	172	59	黑野猪  	30	5	10
D713	210	93	黑野猪  	30	5	10
D713	262	140	黑野猪  	30	5	10
D713	309	19	黑野猪  	30	5	10
D713	350	303	黑野猪  	30	5	10
D713	111	105	黑野猪  	30	5	10
D713	158	149	黑野猪  	30	5	10
D713	200	200	黑野猪  	30	5	10
D713	255	306	黑野猪  	30	5	10
D713	287	286	黑野猪  	30	5	10
D713	56	158	黑野猪  	30	5	10
D713	153	237	黑野猪  	30	5	10
D713	112	250	黑野猪  	30	5	10
D713	114	314	黑野猪  	30	5	10
D713	304	340	黑野猪  	30	5	10
D713	100	100	黑野猪  	100	3	5	50
D713	300	100	黑野猪  	100	3	5	50
D713	100	300	黑野猪  	100	3	5	50
D713	300	300	黑野猪  	100	3	5	50
D713	251	41	黑色恶蛆	30	5	10
D713	321	72	黑色恶蛆	30	5	10
D713	363	146	黑色恶蛆	30	5	10
D713	172	59	黑色恶蛆	30	5	10
D713	210	93	黑色恶蛆	30	5	10
D713	262	140	黑色恶蛆	30	5	10
D713	309	19	黑色恶蛆	30	5	10
D713	350	303	黑色恶蛆	30	5	10
D713	111	105	黑色恶蛆	30	5	10
D713	158	149	黑色恶蛆	30	5	10
D713	200	200	黑色恶蛆	30	5	10
D713	255	306	黑色恶蛆	30	5	10
D713	287	286	黑色恶蛆	30	5	10
D713	56	158	黑色恶蛆	30	5	10
D713	153	237	黑色恶蛆	30	5	10
D713	112	250	黑色恶蛆	30	5	10
D713	114	314	黑色恶蛆	30	5	10
D713	304	340	黑色恶蛆	30	5	10
D713	200	200	楔蛾    	200	45	10
D713	100	100	黑色恶蛆	100	5	5	50
D713	300	100	黑色恶蛆	100	5	5	50
D713	100	300	黑色恶蛆	100	5	5	50
D713	300	300	黑色恶蛆	100	5	5	50
D713	200	200	角蝇    	200	20	10
D713	200	200	蝎蛇    	200	40	10

;石墓四层
D714	251	41	红野猪  	30	7	10
D714	321	72	红野猪  	30	7	10
D714	363	146	红野猪  	30	7	10
D714	172	59	红野猪  	30	7	10
D714	210	93	红野猪  	30	7	10
D714	262	140	红野猪  	30	7	10
D714	309	19	红野猪  	30	7	10
D714	350	303	红野猪  	30	7	10
D714	111	105	红野猪  	30	7	10
D714	158	149	红野猪  	30	7	10
D714	200	200	红野猪  	30	7	10
D714	255	306	红野猪  	30	7	10
D714	287	286	红野猪  	30	7	10
D714	56	158	红野猪  	30	7	10
D714	153	237	红野猪  	30	7	10
D714	112	250	红野猪  	30	7	10
D714	114	314	红野猪  	30	7	10
D714	304	340	红野猪  	30	7	10
D714	251	41	黑野猪  	30	5	10
D714	321	72	黑野猪  	30	5	10
D714	363	146	黑野猪  	30	5	10
D714	172	59	黑野猪  	30	5	10
D714	210	93	黑野猪  	30	5	10
D714	262	140	黑野猪  	30	5	10
D714	309	19	黑野猪  	30	5	10
D714	350	303	黑野猪    	30	5	10
D714	111	105	黑野猪  	30	5	10
D714	158	149	黑野猪  	30	5	10
D714	200	200	黑野猪  	30	5	10
D714	255	306	黑野猪  	30	5	10
D714	287	286	黑野猪  	30	5	10
D714	56	158	黑野猪  	30	5	10
D714	153	237	黑野猪  	30	5	10
D714	112	250	黑野猪  	30	5	10
D714	114	314	黑野猪  	30	5	10
D714	304	340	黑野猪  	30	5	10
D714	100	100	黑野猪  	100	3	5	50
D714	300	100	黑野猪  	100	3	5	50
D714	100	300	黑野猪  	100	3	5	50
D714	300	300	黑野猪  	100	3	5	50
D714	251	41	黑色恶蛆	30	5	10
D714	321	72	黑色恶蛆	30	5	10
D714	363	146	黑色恶蛆	30	5	10
D714	172	59	黑色恶蛆	30	5	10
D714	210	93	黑色恶蛆	30	5	10
D714	262	140	黑色恶蛆	30	5	10
D714	309	19	黑色恶蛆	30	5	10
D714	350	303	黑色恶蛆	30	5	10
D714	111	105	黑色恶蛆	30	5	10
D714	158	149	黑色恶蛆	30	5	10
D714	200	200	黑色恶蛆	30	5	10
D714	255	306	黑色恶蛆	30	5	10
D714	287	286	黑色恶蛆	30	5	10
D714	56	158	黑色恶蛆	30	5	10
D714	153	237	黑色恶蛆	30	5	10
D714	112	250	黑色恶蛆	30	5	10
D714	114	314	黑色恶蛆	30	5	10
D714	304	340	黑色恶蛆	30	5	10
D714	100	100	蝎蛇     	100	3	5	50
D714	300	100	蝎蛇    	100	3	5	50
D714	100	300	蝎蛇    	100	3	5	50
D714	300	300	蝎蛇    	100	3	5	50
D714	200	200	蝎蛇    	200	50	10
D714	200	200	楔蛾    	200	55	10
D714	200	200	白野猪   	200	3	120
D714	200	200	角蝇    	200	20	10

;石墓五层
D715	200	200	红野猪   	200	100	10
D715	200	200	楔蛾     	200	100	10
D715	200	200	蝎蛇    	200	100	10
D715	200	200	黑野猪   	200	100	10
D715	200	200	黑色恶蛆	200	100	10
D715	200	200	角蝇    	200	30	10
;特殊
D715	200	200	白野猪  	200	1	120
;石墓六层
D716	25	25	红野猪  	25	5	10
D716	25	25	黑野猪  	25	5	10
D716	25	25	楔蛾    	25	8	10
D716	25	25	蝎蛇    	25	5	10
D716	25	25	黑色恶蛆	25	8	10
D716	25	25	角蝇    	25	5	10

;石墓阵
D71601	25	25	红野猪  	25	7	10
D71601	25	25	黑野猪   	25	7	10
D71601	25	25	楔蛾    	25	10	10
D71601	25	25	蝎蛇    	25	7	10
D71601	25	25	黑色恶蛆	25	10	10
D71601	25	25	角蝇    	25	3	10


D71602	25	25	红野猪  	25	7	10
D71602	25	25	黑野猪  	25	7	10
D71602	25	25	楔蛾    	25	10	10
D71602	25	25	蝎蛇    	25	7	10
D71602	25	25	黑色恶蛆	25	10	10
D71602	25	25	角蝇    	25	3	10


D71603	25	25	红野猪  	25	7	10
D71603	25	25	黑野猪   	25	7	10
D71603	25	25	楔蛾    	25	10	10
D71603	25	25	蝎蛇    	25	7	10
D71603	25	25	黑色恶蛆	25	10	10
D71603	25	25	角蝇    	25	3	10


D71604	25	25	红野猪  	25	7	10
D71604	25	25	黑野猪   	25	7	10
D71604	25	25	楔蛾    	25	10	10
D71604	25	25	蝎蛇    	25	7	10
D71604	25	25	黑色恶蛆	25	10	10
D71604	25	25	角蝇    	25	3	10


D71605	25	25	红野猪  	25	7	10
D71605	25	25	黑野猪  	25	7	10
D71605	25	25	楔蛾    	25	10	10
D71605	25	25	蝎蛇    	25	7	10
D71605	25	25	黑色恶蛆	25	10	10
D71605	25	25	角蝇    	25	3	10


D71606	25	25	红野猪  	25	7	10
D71606	25	25	黑野猪  	25	7	10
D71606	25	25	楔蛾    	25	10	10
D71606	25	25	蝎蛇    	25	7	10
D71606	25	25	黑色恶蛆	25	10	10
D71606	25	25	角蝇    	25	3	10


D71607	25	25	红野猪  	25	7	10
D71607	25	25	黑野猪  	25	7	10
D71607	25	25	楔蛾    	25	10	10
D71607	25	25	蝎蛇    	25	7	10
D71607	25	25	黑色恶蛆	25	10	10
D71607	25	25	角蝇    	25	3	10


D71608	25	25	红野猪  	25	7	10
D71608	25	25	黑野猪  	25	7	10
D71608	25	25	楔蛾    	25	10	10
D71608	25	25	蝎蛇    	25	7	10
D71608	25	25	黑色恶蛆	25	10	10
D71608	25	25	角蝇    	25	3	10


D71609	25	25	红野猪  	25	7	10
D71609	25	25	黑野猪  	25	7	10
D71609	25	25	楔蛾    	25	10	10
D71609	25	25	蝎蛇    	25	7	10
D71609	25	25	黑色恶蛆	25	10	10
D71609	25	25	角蝇    	25	3	10


D71610	25	25	红野猪  	25	7	10
D71610	25	25	黑野猪  	25	7	10
D71610	25	25	楔蛾    	25	10	10
D71610	25	25	蝎蛇    	25	7	10
D71610	25	25	黑色恶蛆	25	10	10
D71610	25	25	角蝇    	25	3	10


D71611	25	25	红野猪  	25	7	10
D71611	25	25	黑野猪  	25	7	10
D71611	25	25	楔蛾    	25	10	10
D71611	25	25	蝎蛇    	25	7	10
D71611	25	25	黑色恶蛆	25	10	10
D71611	25	25	角蝇    	25	3	10


D71612	25	25	红野猪  	25	7	10
D71612	25	25	黑野猪  	25	7	10
D71612	25	25	楔蛾    	25	10	10
D71612	25	25	蝎蛇    	25	7	10
D71612	25	25	黑色恶蛆	25	10	10
D71612	25	25	角蝇    	25	3	10


D71613	25	25	红野猪  	25	7	10
D71613	25	25	黑野猪  	25	7	10
D71613	25	25	楔蛾    	25	10	10
D71613	25	25	蝎蛇    	25	7	10
D71613	25	25	黑色恶蛆	25	10	10
D71613	25	25	角蝇    	25	3	10


D71614	25	25	红野猪  	25	7	10
D71614	25	25	黑野猪  	25	7	10
D71614	25	25	楔蛾    	25	10	10
D71614	25	25	蝎蛇    	25	7	10
D71614	25	25	黑色恶蛆	25	10	10
D71614	25	25	角蝇    	25	3	10


D71615	25	25	红野猪  	25	7	10
D71615	25	25	黑野猪   	25	7	10
D71615	25	25	楔蛾    	25	10	10
D71615	25	25	蝎蛇    	25	7	10
D71615	25	25	黑色恶蛆	25	10	10
D71615	25	25	角蝇    	25	3	10


D71616	25	25	红野猪  	25	7	10
D71616	25	25	黑野猪  	25	7	10
D71616	25	25	楔蛾    	25	10	10
D71616	25	25	蝎蛇    	25	7	10
D71616	25	25	黑色恶蛆	25	10	10
D71616	25	25	角蝇    	25	3	10


D71617	25	25	红野猪  	25	7	10
D71617	25	25	黑野猪  	25	7	10
D71617	25	25	楔蛾    	25	10	10
D71617	25	25	蝎蛇    	25	7	10
D71617	25	25	黑色恶蛆	25	10	10
D71617	25	25	角蝇    	25	3	10


D71618	25	25	红野猪  	25	7	10
D71618	25	25	黑野猪  	25	7	10
D71618	25	25	楔蛾    	25	10	10
D71618	25	25	蝎蛇    	25	7	10
D71618	25	25	黑色恶蛆	25	10	10
D71618	25	25	角蝇    	25	3	10


D71619	25	25	红野猪  	25	7	10
D71619	25	25	黑野猪  	25	7	10
D71619	25	25	楔蛾    	25	10	10
D71619	25	25	蝎蛇    	25	7	10
D71619	25	25	黑色恶蛆	25	10	10
D71619	25	25	角蝇    	25	3	10


D71620	25	25	红野猪  	25	7	10
D71620	25	25	黑野猪  	25	7	10
D71620	25	25	楔蛾    	25	10	10
D71620	25	25	蝎蛇    	25	7	10
D71620	25	25	黑色恶蛆	25	10	10
D71620	25	25	角蝇    	25	3	10


D71621	25	25	红野猪  	25	7	10
D71621	25	25	黑野猪  	25	7	10
D71621	25	25	楔蛾    	25	10	10
D71621	25	25	蝎蛇    	25	7	10
D71621	25	25	黑色恶蛆	25	10	10
D71621	25	25	角蝇    	25	3	10


D71622	25	25	红野猪  	25	7	10
D71622	25	25	黑野猪  	25	7	10
D71622	25	25	楔蛾    	25	10	10
D71622	25	25	蝎蛇    	25	7	10
D71622	25	25	黑色恶蛆	25	10	10
D71622	25	25	角蝇    	25	3	10


D71623	25	25	红野猪  	25	7	10
D71623	25	25	黑野猪  	25	7	10
D71623	25	25	楔蛾    	25	10	10
D71623	25	25	蝎蛇    	25	7	10
D71623	25	25	黑色恶蛆	25	10	10
D71623	25	25	角蝇    	25	3	10


D71624	25	25	红野猪  	25	7	10
D71624	25	25	黑野猪  	25	7	10
D71624	25	25	楔蛾    	25	10	10
D71624	25	25	蝎蛇    	25	7	10
D71624	25	25	黑色恶蛆	25	10	10
D71624	25	25	角蝇     	25	3	10


D71625	25	25	红野猪          25	7	10
D71625	25	25	黑野猪   	25	7	10
D71625	25	25	楔蛾    	25	10	10
D71625	25	25	蝎蛇    	25	7	10
D71625	25	25	黑色恶蛆	25	10	10
D71625	25	25	角蝇    	25	3	10


;石墓七层
D717	100	100	黑色恶蛆	100	100	10
D717    100     100     红野猪          100     50      10
D717    100     100     黑野猪          100     50      10
D717	100	100	楔蛾    	100	150	10
D717	100	100	角蝇    	100	5	10
;特殊
D717	100	100	白野猪  	100	30	30
D717	100	100	邪恶毒蛇	100	2	60
D717	83	25	石墓尸王	0	1	120

;桃源之门
R001	114	122	蜜蜂    	50	30	20
R001	93	104	神兽    	150	10	60
R001	93	104	神兽2   	150	30	60
R001	93	104	神兽0   	150	5	60
R001	93	104	变异骷髅0	150	30	60

;香石古墓一层
E701	50	50	僵尸1   	50	45	23
E701	50	50	僵尸2   	50	40	23
E701	50	50	僵尸3   	50	40	23
E701	50	50	僵尸4    	50	40	23
E701	50	50	僵尸5   	50	40	23
;特殊
E701	50	50	僵尸10  	50	2	30
E701	50	50	僵尸30  	50	2	30
E701	50	50	僵尸50  	50	2	30

;香石古墓二层
E702	50	50	僵尸1   	50	25	23
E702	50	50	僵尸2   	50	15	23
E702	50	50	僵尸3   	50	15	23
E702	50	50	僵尸4   	50	15	23
E702	50	50	僵尸5   	50	15	23
E702	50	50	楔蛾    	50	15	23
E702	50	50	红野猪  	50	15	23
E702	50	50	黑野猪  	50	15	23
E702	50	50	黑色恶蛆	50	15	23
E702	50	50	角蝇    	50	2	23
E702	50	50	蝎蛇    	50	10	23
;特殊
E702	50	50	僵尸10  	50	2	30
E702	50	50	僵尸40  	50	2	30
E702	50	50	僵尸50  	50	2	30
E702	50	50	黑野猪 	        50	2	30
E702	50	50	蝎蛇   	        50	2	30
;香石古墓三层
E703	50	50	楔蛾    	50	25	23
E703	50	50	红野猪   	50	25	23
E703	50	50	黑野猪   	50	25	23
E703	50	50	黑色恶蛆	50	25	23
E703	50	50	角蝇    	50	2	23
E703	50	50	蝎蛇    	50	25	23
;特殊
E703	50	50	红野猪 	        50	2	30
E703	50	50	蝎蛇   	        50	2	30

;未知暗殿
M001	200	200	鸡1     	200	3	50
M001	200	200	鸡      	200	3	50
M001	200	200	鹿1     	200	3	50
M001	200	200	鹿      	200	1	90
M001	200	200	稻草人1 	200	6	50
M001	200	200	稻草人  	200	1	90
M001	200	200	巨型多角虫1	200	12	30
M001	200	200	巨型多角虫	200	1	180
M001	200	200	半兽勇士1	200	12	30
M001	200	200	半兽勇士	200	1	90
M001	200	200	骷髅精灵1	200	24	50
M001	200	200	骷髅精灵	200	1	90
M001	200	200	尸王1   	200	24	50
M001	200	200	尸王    	200	1	90
M001	200	200	沃玛卫士1	200	48	50
M001	200	200	沃玛卫士	200	1	90
M001	200	200	邪恶钳虫1	200	48	50
M001	200	200	邪恶钳虫	200	1	90
M001	200	200	白野猪1 	200	100	50
M001	200	200	白野猪  	200	1	90
M001	200	200	邪恶毒蛇1	200	200	50
M001	200	200	邪恶毒蛇	200	1	90
M001	200	200	沃玛教主1	200	400	50
M001	200	200	沃玛教主	200	1	180

;不归路	
T1341	15	25	暴牙蜘蛛	10	3	10
T1341	15	25	天狼蜘蛛	10	3	10
T1341	25	15	暴牙蜘蛛	10	3	10
T1341	25	15	天狼蜘蛛	10	3	10


T1342	15	25	暴牙蜘蛛	10	4	10
T1342	15	25	天狼蜘蛛	10	4	10
T1342	25	15	暴牙蜘蛛	10	4	10
T1342	25	15	天狼蜘蛛	10	4	10


T1343	15	25	暴牙蜘蛛	10	5	10
T1343	15	25	天狼蜘蛛	10	5	10
T1343	25	15	暴牙蜘蛛	10	5	10
T1343	25	15	天狼蜘蛛	10	5	10


;赤月峡谷东走廊
D10011	262	342	月魔蜘蛛	150	20	10
D10011	262	342	天狼蜘蛛	150	20	8
D10011	262	342	钢牙蜘蛛	150	10	10
D10011	262	342	花吻蜘蛛	150	10	10
D10011	262	342	暴牙蜘蛛	150	20	10

D10011	165	323	月魔蜘蛛	100	20	10
D10011	165	323	天狼蜘蛛	100	10	8
D10011	165	323	钢牙蜘蛛	100	5	10
D10011	165	323	花吻蜘蛛	100	5	10
D10011	165	323	暴牙蜘蛛	100	10	10

D10011	135	69	月魔蜘蛛	100	15	10
D10011	135	69	天狼蜘蛛	100	10	8
D10011	135	69	钢牙蜘蛛	100	5	10
D10011	135	16	花吻蜘蛛	100	5	10
D10011	135	69	暴牙蜘蛛	100	10	10

D10011	40	151	月魔蜘蛛	200	50	10
D10011	40	151	天狼蜘蛛	200	30	8
D10011	40	151	钢牙蜘蛛	200	20	10
D10011	40	151	花吻蜘蛛	200	20	10
D10011	40	151	暴牙蜘蛛	200	30	10

D10011	223	106	月魔蜘蛛	150	25	10
D10011	223	106	天狼蜘蛛	150	15	8
D10011	223	106	钢牙蜘蛛	150	10	10
D10011	223	106	花吻蜘蛛	150	10	10
D10011	223	106	暴牙蜘蛛	150	15	10


;赤月峡谷西走廊
D10012	134	172	月魔蜘蛛	200	80	10
D10012	134	172	天狼蜘蛛	200	45	8
D10012	134	172	钢牙蜘蛛	200	30	10
D10012	134	172	花吻蜘蛛	200	30	10
D10012	134	172	暴牙蜘蛛	200	45	10

D10012	74	236	月魔蜘蛛	100	25	10
D10012	74	236	天狼蜘蛛	100	15	8
D10012	74	236	钢牙蜘蛛	100	10	10
D10012	74	236	花吻蜘蛛	100	10	10
D10012	74	236	暴牙蜘蛛	100	15	10

D10012	206	89	月魔蜘蛛	100	30	10
D10012	206	89	天狼蜘蛛	100	20	8
D10012	206	89	钢牙蜘蛛	100	10	10
D10012	206	89	花吻蜘蛛	100	10	10
D10012	206	89	暴牙蜘蛛	100	20	10


;赤月峡谷西回隧道
D10013	140	175	月魔蜘蛛	200	80	10
D10013	140	175	天狼蜘蛛	200	45	8
D10013	140	175	钢牙蜘蛛	200	30	10
D10013	140	175	花吻蜘蛛	200	30	10
D10013	140	175	暴牙蜘蛛	200	45	10

D10013	134	146	月魔蜘蛛	100	25	10
D10013	134	146	天狼蜘蛛	100	15	8
D10013	134	146	钢牙蜘蛛	100	10	10
D10013	134	146	花吻蜘蛛	100	10	10
D10013	134	146	暴牙蜘蛛	100	15	10

D10013	213	215	月魔蜘蛛	100	30	10
D10013	213	215	天狼蜘蛛	100	20	8
D10013	213	215	钢牙蜘蛛	100	10	10
D10013	213	215	花吻蜘蛛	100	10	10
D10013	213	215	暴牙蜘蛛	100	20	10

;赤月峡谷东二层
D1002	161	161	月魔蜘蛛	200	80	10
D1002	161	161	天狼蜘蛛	200	60	8
D1002	161	161	钢牙蜘蛛	200	30	10
D1002	161	161	花吻蜘蛛	200	30	10
D1002	161	161	黑锷蜘蛛	200	15	12
D1002	161	161	暴牙蜘蛛	200	50	10

D1002	125	165	月魔蜘蛛	150	30	10
D1002	125	165	天狼蜘蛛	150	25	8
D1002	125	165	钢牙蜘蛛	150	10	10
D1002	125	165	花吻蜘蛛	150	20	10
D1002	125	165	黑锷蜘蛛	150	5	12
D1002	125	165	暴牙蜘蛛	150	25	10

D1002	241	100	月魔蜘蛛	150	30	10
D1002	241	100	天狼蜘蛛	150	25	8
D1002	241	100	钢牙蜘蛛	150	10	10
D1002	241	100	花吻蜘蛛	150	20	10
D1002	241	100	黑锷蜘蛛	150	5	12
D1002	241	100	暴牙蜘蛛	150	25	10

D1002	133	58	月魔蜘蛛	150	30	10
D1002	133	58	天狼蜘蛛	150	25	8
D1002	133	58	钢牙蜘蛛	150	10	10
D1002	133	58	花吻蜘蛛	150	20	10
D1002	133	58	黑锷蜘蛛	150	5	12
D1002	133	58	暴牙蜘蛛	150	25	10

D1002	166	227	月魔蜘蛛	150	30	10
D1002	166	227	天狼蜘蛛	150	25	8
D1002	166	227	钢牙蜘蛛	150	10	10
D1002	166	227	花吻蜘蛛	150	20	10
D1002	166	227	黑锷蜘蛛	150	5	12
D1002	166	227	暴牙蜘蛛	150	25	10


;赤月峡谷广场
D10031	128	91	月魔蜘蛛	200	80	10
D10031	128	91	天狼蜘蛛	200	50	8
D10031	128	91	钢牙蜘蛛	200	40	10
D10031	128	91	花吻蜘蛛	200	40	10
D10031	128	91	黑锷蜘蛛	200	10	12
D10031	128	91	暴牙蜘蛛	200	40	10

D10031	242	152	月魔蜘蛛	150	30	10
D10031	242	152	天狼蜘蛛	150	30	8
D10031	242	152	钢牙蜘蛛	150	20	10
D10031	242	152	花吻蜘蛛	150	20	10
D10031	242	152	黑锷蜘蛛	150	5	12
D10031	242	242	暴牙蜘蛛	150	20	10

D10031	66	208	月魔蜘蛛	150	30	10
D10031	66	208	天狼蜘蛛	150	30	8
D10031	66	208	钢牙蜘蛛	150	20	10
D10031	66	208	花吻蜘蛛	150	20	10
D10031	66	208	黑锷蜘蛛	150	5	12
D10031	66	208	暴牙蜘蛛	150	20	10




;赤月峡谷东长廊
D10032	155	93	月魔蜘蛛	200	80	10
D10032	155	93	天狼蜘蛛	200	50	8
D10032	155	93	钢牙蜘蛛	200	40	10
D10032	155	93	花吻蜘蛛	200	40	10
D10032	155	93	黑锷蜘蛛	200	10	12
D10032	155	93	暴牙蜘蛛	200	40	10

D10032	227	208	月魔蜘蛛	150	30	10
D10032	227	208	天狼蜘蛛	150	30	8
D10032	227	208	钢牙蜘蛛	150	20	10
D10032	227	208	花吻蜘蛛	150	20	10
D10032	227	208	黑锷蜘蛛	150	5	12
D10032	227	208	暴牙蜘蛛	150	20	10

D10032	107	228	月魔蜘蛛	150	30	10
D10032	107	228	天狼蜘蛛	150	30	8
D10032	107	228	钢牙蜘蛛	150	20	10
D10032	107	228	花吻蜘蛛	150	20	10
D10032	107	228	黑锷蜘蛛	150	5	12
D10032	107	228	暴牙蜘蛛	150	20	10




D1004	156	159	月魔蜘蛛	200	80	10
D1004	156	159	天狼蜘蛛	200	70	8
D1004	156	159	钢牙蜘蛛	200	50	10
D1004	156	159	花吻蜘蛛	200	50	10
D1004	156	159	黑锷蜘蛛	200	30	12
D1004	156	159	暴牙蜘蛛	200	50	10
D1004	156	159	血巨人  	200	20	12
D1004	156	159	血僵尸  	200	10	12

;抉择之地
D1004	74	172	月魔蜘蛛	150	30	10
D1004	74	172	天狼蜘蛛	150	30	8
D1004	74	172	钢牙蜘蛛	150	20	10
D1004	74	172	花吻蜘蛛	150	30	10
D1004	74	172	暴牙蜘蛛	150	20	10
D1004	74	172	黑锷蜘蛛	150	20	12
D1004	74	172	血巨人  	150	5	12

D1004	240	100	月魔蜘蛛	150	30	10
D1004	240	100	天狼蜘蛛	150	30	8
D1004	240	100	钢牙蜘蛛	150	20	10
D1004	240	100	暴牙蜘蛛	150	20	10
D1004	240	100	花吻蜘蛛	150	30	10
D1004	240	100	黑锷蜘蛛	150	20	12
D1004	240	100	血巨人  	150	5	12
D1004	240	100	血僵尸  	150	5	12



;山谷秘道
D10051	110	100	月魔蜘蛛	200	80	9
D10051	110	100	天狼蜘蛛	200	60	8
D10051	110	100	钢牙蜘蛛	200	60	9
D10051	110	100	暴牙蜘蛛	200	60	9
D10051	110	100	花吻蜘蛛	200	60	9
D10051	110	100	黑锷蜘蛛	200	40	10
D10051	110	100	血巨人  	200	20	10
D10051	110	100	血僵尸  	200	20	10

;山谷秘道
D10052	110	100	月魔蜘蛛	200	100	9
D10052	110	100	天狼蜘蛛	200	80	8
D10052	110	100	钢牙蜘蛛	200	80	9
D10052	110	100	暴牙蜘蛛	200	80	9
D10052	110	100	花吻蜘蛛	200	80	9
D10052	110	100	黑锷蜘蛛	200	50	10
D10052	110	100	血僵尸  	120	20	10
D10052	110	100	血巨人  	120	20	10




;恶魔祭坛
D10061	15	18	月魔蜘蛛	12	1	6
D10061	13	18	月魔蜘蛛	12	1	5
D10061	13	18	月魔蜘蛛	12	1	5
D10061	13	18	钢牙蜘蛛	12	1	5
D10061	13	18	暴牙蜘蛛	12	1	5
D10061	15	21	黑锷蜘蛛	12	1	6
D10061	16	19	血巨人  	12	1	6
D10061	16	19	血僵尸  	12	1	5
;特殊
D10061	15	18	双头血魔	12	1	360
D10061	15	18	双头金刚	12	1	360

;赤月魔穴
D10062  30      30      月魔蜘蛛        75      5       15
D10062  30      30      双头血魔        75      1       60
D10062  30      30      黑锷蜘蛛        75      8       15
D10062  30      30      黑锷蜘蛛        75      10      5
D10062  30      30      双头金刚        75      1       60
D10062  17      21      血巨人          21      5       15
D10062  17      21      血僵尸          21      5       15
D10062  23      18      赤月恶魔        0       1       180


;同心小径
M100	131	154	红野猪  	150	50	8
M100	131	154	黑野猪  	150	50	8
M100	131	154	黑色恶蛆	150	50	8
;特殊
M100	131	154	白野猪 	        150	5	8
M100	131	154	虹魔猪卫0	150	1	60

;封魔矿区
D2000	100	100	僵尸2   	100	75	10
D2000	100	100	僵尸3   	100	75	10
D2000	100	100	洞蛆    	100	45	10
;特殊
D2000	100	100	僵尸20  	100	3	10
D2000	100	100	僵尸30  	100	3	10
;崎路
D2001	238	120	僵尸1   	200	20	15
D2001	238	120	僵尸2   	200	50	15
D2001	238	120	僵尸3   	200	30	15
D2001	238	120	僵尸4   	200	30	15
D2001	238	120	僵尸5   	200	30	15

D2001	136	78	僵尸1   	100	10	17
D2001	136	78	僵尸2   	100	40	17
D2001	136	78	僵尸3   	100	20	17
D2001	136	78	僵尸4   	100	20	17
D2001	136	78	僵尸5   	100	20	17

D2001	136	78	僵尸1   	100	10	16
D2001	136	78	僵尸2   	100	40	16
D2001	136	78	僵尸3   	100	20	16
D2001	136	78	僵尸4   	100	20	16
D2001	136	78	僵尸5   	100	20	16

D2001	50	98	僵尸1   	40	10	15
D2001	50	98	僵尸2   	40	30	15
D2001	50	98	僵尸3   	40	10	15
D2001	50	98	僵尸4    	40	10	15
D2001	50	98	僵尸5   	40	10	15

;特殊
D2001	238	120	僵尸10  	200	2	15
D2001	238	120	僵尸20  	200	2	15
D2001	238	120	僵尸30  	100	2	15
D2001	136	78	僵尸40  	300	2	15
D2001	136	78	僵尸50  	300	2	15
D2001	29	99	尸王    	50	1	60
;连接通道
D2002	21	23	僵尸1   	10	5	15
D2002	21	23	僵尸2   	10	10	15
D2002	21	23	僵尸3    	10	10	15
D2002	21	23	僵尸4   	10	10	15
D2002	21	23	僵尸5   	10	10	15
D2002	21	23	尸王   	        10	5	30
;━━━━━━━━━━━━━━━━━━━━━━━━━━━━━━━━ 
;疾风殿
D2004 49    44    红野猪           100   40    10
D2004 49    44    红野猪3          100   10    10
D2004 49    44    黑野猪           100   40    10
D2004 49    44    黑野猪3          100   10    10
D2004 49    44    黑野猪0          100   1     10
D2004 49    44    红野猪0          100   1     10
;━━━━━━━━━━━━━━━━━━━━━━━━━━━━━━━━ 
;光芒回廊
D2005 41    44    白野猪           100   2     15
D2005 41    44    楔蛾             100   20    10
D2005 41    44    白野猪           100   20    15
D2005 41    44    白野猪           20    1     15
D2005 41    44    黑野猪           100   40    10
D2005 41    44    红野猪           100   40    10
D2005 41    44    黑色恶蛆         100   40    10
D2005 41    44    红野猪3　　      100   10    10
;━━━━━━━━━━━━━━━━━━━━━━━━━━━━━━━━ 
;烈焰殿
D2006 31    38    黑野猪           100   40    10
D2006 31    38    红野猪           100   40    10
D2006 31    38    白野猪           100   5     15
D2006 31    38    黑色恶蛆         100   40    10
D2006 31    38    角蝇　           100   2     30
D2006 31    38    红野猪3          100   20    10
D2006 31    38    楔蛾             100   40    10
D2006 31    38    黑野猪3          100   20    10
D2006 31    38    白野猪           40    10    15
;━━━━━━━━━━━━━━━━━━━━━━━━━━━━━━━━ 
;疾风之路
D2007 140   135   楔蛾             500   30    10
D2007 140   135   黑野猪           500   25    10
D2007 140   135   红野猪           500   25    10
D2007 140   135   白野猪           500   25    15
D2007 140   135   角蝇             500   2     10
;━━━━━━━━━━━━━━━━━━━━━━━━━━━━━━━━ 
;霸者大厅
D2008 41    74    楔蛾             100   35    10
D2008 41    74    红野猪           100   25    10
D2008 41    74    黑野猪           100   25    10
D2008 41    74    黑色恶蛆         100   40    10
D2008 41    74    角蝇             100   2     60
D2008 41    74    黑野猪3          100   30    10
D2008 41    74    红野猪3          100   20    10
D2008 41    74    白野猪0          100   10    15
D2008 41    74    白野猪           100   30    15
D2008 41    74    大老鼠           100   10    10
D2008 41    74    蝎蛇             100   10    10
;━━━━━━━━━━━━━━━━━━━━━━━━━━━━━━━━ 
;幽冥回廊
D2009 41    44    蝎蛇             20    10    10
D2009 41    44    红野猪           100   40    10
D2009 41    44    楔蛾             100   20    10
D2009 41    44    白野猪0          40    2     15
D2009 41    44    虹魔蝎卫         40    2     60
D2009 41    44    黑野猪           100   20    10
D2009 41    44    蝎蛇             100   20    10
D2009 41    44    白野猪           100   10    15
D2009 41    44    红野猪3          100   20    10
D2009 41    44    黑野猪3          100   20    10
;━━━━━━━━━━━━━━━━━━━━━━━━━━━━━━━━ 
;纵横道
D2010 155   231   楔蛾            500   20    10
D2010 155   231   黑色恶蛆        500   20    10
D2010 155   231   虹魔猪卫        500   1     60
D2010 155   231   白野猪0         500   20    15
D2010 155   231   红野猪          500   20    10
D2010 155   231   黑野猪          500   20    10
D2010 155   231   红野猪3         500   5     10
D2010 155   231   黑野猪3         500   5     10
D2010 155   231   邪恶毒蛇        500   4     30
D2010 155   231   蝎蛇            500   20    10
D2010 155   231   虹魔猪卫0       500   2     60
;━━━━━━━━━━━━━━━━━━━━━━━━━━━━━━━━ 
;魔魂殿
D2011 32    31    虹魔蝎卫        5     2     60
D2011 32    31    祖玛雕橡        20    20    10
D2011 32    31    虹魔蝎卫0       5     2     60
D2011 32    31    白野猪          50    20    15
D2011 32    31    红野猪3         50    20    10
D2011 32    31    黑野猪3         50    30    10
D2011 32    31    蝎蛇            50    20    10
D2011 32    31    祖玛卫士3       50    30    20
D2011 32    31    祖玛弓箭手3     50    30    20
D2011 32    31    祖玛弓箭手3     50    30    20
D2011 32    31    祖玛卫士        50    15    10
D2011 32    31    祖玛弓箭手      50    15    10
D2011 32    31    祖玛弓箭手      50    15    10
D2011 32    31    楔蛾            50    20    10
D2011 32    31    白野猪0         50    3     15
;━━━━━━━━━━━━━━━━━━━━━━━━━━━━━━━━ 
;炼狱回廊
D2012 48    47    祖玛雕橡        50    40    10
D2012 48    47    祖玛雕橡3       200   30    20
D2012 48    47    祖玛卫士3       200   30    20
D2012 48    47    祖玛卫士        50    35    10
D2012 48    47    祖玛弓箭手3     200   30    20
D2012 48    47    蝎蛇            50    30    10
D2012 48    47    虹魔蝎卫        50    2     60
D2012 48    47    祖玛弓箭手      50    30    10
D2012 48    47    楔蛾            50    20    10
D2012 48    47    虹魔猪卫        50    2     60
D2012 48    47    大老鼠          50    20    10
D2012 48    47    白野猪0         50    10    15
D2012 48    47    红野猪3         50    10    10
D2012 48    47    黑野猪3         50    10    10
;━━━━━━━━━━━━━━━━━━━━━━━━━━━━━━━━ 
;封魔殿
D2013 55    55    虹魔教主        50    1     60
D2013 55    55    虹魔教主8       50    1     60
D2013 43    44    祖玛雕橡        100   30    30
D2013 43    44    祖玛雕橡3       100   30    20
D2013 43    44    祖玛雕橡0       100   10    30
D2013 43    44    祖玛卫士        100   30    30
D2013 43    44    祖玛卫士0       100   10    30
D2013 43    44    祖玛卫士3       100   30    20
D2013 43    44    祖玛弓箭手      100   30    30 
D2013 43    44    祖玛弓箭手0     100   10    30
D2013 43    44    祖玛弓箭手3     100   30    20
D2013 43    44    虹魔猪卫        100   2     60
D2013 43    44    虹魔猪卫0       100   2     60
D2013 43    44    虹魔蝎卫        100   2     60
D2013 43    44    虹魔蝎卫0       100   2     60
D2013 43    44    角蝇            100   1     10
D2013 43    44    楔蛾            100   30    10
;霸者秘密通道
D10054 75    75    虹魔蝎卫        75    2    60
D10054 75    75    白野猪          75    20   15
D10054 75    75    白野猪0         75    2    15
D10054 75    75    红野猪          75    20   10
D10054 75    75    红野猪0         75    2    10
D10054 75    75    黑野猪          75    20   10
D10054 75    75    黑野猪0         75    2    10

;尸魔洞一层
D2051 100   110   恶灵僵尸          100   60     10
D2051 100   110   恶灵尸王          100   60     15


;尸魔洞二层
D2052 50    50    恶灵僵尸          50    100    10
D2052 50    50    恶灵尸王          50    100    15


;尸魔洞三层
D2053 150   160   恶灵僵尸          150   100    10    
D2053 150   160   恶灵尸王          150   100    15

;骨魔洞一层
D2061 100   100   骷髅弓箭手        100   50    20
D2061 100   100   骷髅长枪兵        100   50    20
D2061 100   100   骷髅刀斧手        100   100   20
D2061 100   100   恶灵僵尸          100   100   20
D2061 100   100   恶灵尸王          100   100   20

;骨魔洞二层
D2062	100	90	骷髅刀斧手	100	80	10
D2062	100	90	骷髅长枪兵	100	80	10
D2062	100	90	骷髅锤兵	100	80	10
D2062	120	100	骷髅刀斧手	100	80	10
D2062	120	100	骷髅长枪兵	100	60	10
D2062	120	100	骷髅锤兵	100	60	10
;特殊

D2062	100	90	宝箱1   	100	2	60
D2062	100	90	宝箱3   	100	2	60
;骨魔洞三层
D2063	105	95	骷髅弓箭手	150	60	10
D2063	105	95	骷髅锤兵	150	40	10
D2063	105	95	骷髅长枪兵	150	60	10
D2063	105	95	骷髅刀斧手	150	60	10
D2063	105	100	骷髅弓箭手	150	60	10
D2063	105	100	骷髅锤兵	150	40	10
D2063	105	100	骷髅长枪兵	150	60	10
D2063	105	100	骷髅刀斧手	150	60	10
;特殊

D2063	105	95	宝箱2   	120	2	60
D2063	105	95	宝箱4   	120	2	60
;骨魔洞四层
D2064	105	95	骷髅锤兵	150	60	10
D2064	105	95	骷髅长枪兵	150	60	10
D2064	105	95	骷髅刀斧手	150	60	10
D2064	105	95	骷髅弓箭手	150	70	10
D2064	160	100	骷髅锤兵	150	60	10
D2064	160	100	骷髅长枪兵	150	60	10
D2064	160	100	骷髅刀斧手	150	60	10
D2064	160	100	骷髅弓箭手	150	70	10
;特殊

D2064	105	95	宝箱3   	150	2	60
D2064	105	95	宝箱5   	150	2	60
;骨魔洞五层
D2067	195	240	骷髅锤兵	200	50	10
D2067	195	240	骷髅长枪兵	200	50	10
D2067	195	240	骷髅刀斧手	200	50	10
D2067	195	240	骷髅弓箭手	200	20	10
D2067	190	60	骷髅锤兵	200	50	10
D2067	190	60	骷髅长枪兵	200	50	10
D2067	190	60	骷髅刀斧手	200	50	10
D2067	190	60	骷髅弓箭手	200	20	10
D2067	80	200	骷髅锤兵	200	50	10
D2067	80	200	骷髅长枪兵	200	50	10
D2067	80	200	骷髅刀斧手	200	50	10
D2067	80	200	骷髅弓箭手	200	20	10
;特殊
D2067	195	240	黄泉教主	200	1	60

D2067	195	240	宝箱    	200	2	60
D2067	195	240	宝箱2   	200	2	60
D2067	195	240	宝箱4   	200	2	60
D2067	195	240	宝箱6   	200	1	180

;牛魔寺庙一层
D2071	165	180	牛头魔  	150	80	10
D2071	165	180	牛魔战士	150	80	10
D2071	165	180	牛魔斗士	150	80	10
D2071	165	180	牛头魔	        150	80	10
D2071	165	180	牛魔战士	150	80	10
D2071	165	180	牛魔斗士	150	60	10
;特殊
D2071	165	180	宝箱1   	150	2	60
D2071	165	180	宝箱2   	150	2	60
;牛魔寺庙二层
D2072	135	145	牛头魔  	150	60	10
D2072	135	145	牛魔战士	150	80	10
D2072	135	145	牛魔斗士	150	80	10
D2072	135	145	牛魔侍卫	150	40	10
D2072	135	145	牛头魔  	150	60	10
D2072	135	145	牛魔战士	150	80	10
D2072	135	145	牛魔斗士	150	80	10
D2072	135	145	牛魔侍卫	150	30	10
;特殊
D2072	135	145	宝箱1   	150	2	60
D2072	135	145	宝箱3   	150	2	60

;牛魔寺庙三层
D2073	205	210	牛头魔  	200	60	10
D2073	205	210	牛魔战士	200	60	10
D2073	205	210	牛魔斗士	200	60	10
D2073	205	210	牛魔侍卫	200	40	10
D2073	205	210	牛魔法师	200	30	10
D2073	205	210	牛头魔  	200	60	10
D2073	205	210	牛魔战士	200	60	10
D2073	205	210	牛魔斗士	200	60	10
D2073	205	210	牛魔侍卫	200	30	10
D2073	205	210	牛魔法师	200	20	10
;特殊
D2073	205	210	宝箱1   	200	2	60
D2073	205	210	宝箱4   	200	2	60
;牛魔寺庙四层
D2075	105	95	牛魔战士	150	80	10
D2075	105	95	牛魔斗士	150	80	10
D2075	105	95	牛魔侍卫	150	40	10
D2075	105	95	牛魔法师	150	40	10
D2075	105	95	牛魔将军	150	20	10
D2075	105	95	牛魔战士	150	80	10
D2075	105	95	牛魔斗士	150	80	10
D2075	105	95	牛魔侍卫	150	40	10
D2075	105	95	牛魔法师	150	40	10
D2075	105	95	牛魔将军	150	6	10
;特殊
D2075	105	95	宝箱1   	150	2	60
D2075	105	95	宝箱5   	150	2	60
;牛魔寺庙五层
D2076	90	105	牛魔战士	150	80	10
D2076	90	105	牛魔斗士	150	80	10
D2076	90	105	牛魔侍卫	150	60	10
D2076	90	105	牛魔法师	150	40	10
D2076	90	105	牛魔将军	150	20	10
D2076	90	105	牛魔战士	150	40	10
D2076	90	105	牛魔斗士	150	40	10
D2076	90	105	牛魔侍卫	150	40	10
D2076	90	105	牛魔法师	150	30	10
D2076	90	105	牛魔将军	150	20	10
;特殊
D2076	90	105	宝箱1   	150	2	60
D2076	90	105	宝箱3   	150	2	60
D2076	90	105	宝箱6   	150	1	60

;牛魔寺庙六层
D2078	150	150	牛魔战士	180	60	10
D2078	150	150	牛魔斗士	180	60	10
D2078	150	150	牛魔侍卫	180	60	10
D2078	150	150	牛魔法师	180	60	10
D2078	150	150	牛魔将军	180	30	10
D2078	150	150	牛魔祭司	180	30	10
D2078	150	150	牛魔侍卫	180	60	10
D2078	150	150	牛魔法师	180	40	10
D2078	150	150	牛魔将军	180	20	10
D2078	150	150	牛魔祭司	180	20	10
;特殊
D2078	150	150	宝箱    	200	2	60
D2078	150	150	宝箱3   	200	2	60
D2078	150	150	宝箱5   	200	2	60
D2078	150	150	宝箱7   	200	1	120
;牛魔寺庙大厅
D2079	50	50	牛魔侍卫	70	80	6
D2079	50	50	牛魔法师	70	80	6

D2079	50	50	牛魔将军	70	50	10
D2079	50	50	牛魔祭司	70	50	10
D2079	50	50	牛魔将军	70	30	10
D2079	50	50	牛魔祭司	70	30	10

;特殊

D2079	50	50	宝箱4   	50	2	60
D2079	50	50	宝箱6   	50	2	60
D2079	50	50	宝箱8   	50	1	120
D2079	50	50	牛魔王  	1	1	360

;六个新衣服	
T232	22	24	暗之沃玛教主	3	1	60
T339	18	26	暗之骷髅精灵	3	1	60
T219	50	80	暗之双头金刚	3	1	60
T315	150	140	暗之黄泉教主	3	1	60
T118	14	15	暗之双头血魔	3	1	60
T218	14	15	暗之虹魔教主	3	1	60

;沙秘密通道
D701	100	100	僵尸5   	100	20	16

;━━━━━━━━━━━━━━━━━━━━━━━━━━━━━━━━ 
;沙巴克影之道一层
H201  100   100   僵尸1           100   12    8
H201  100   100   僵尸4           100   14    8
H201  100   100   僵尸5           100   12    10
H201  100   100   尸王            100   5     30

H201  100   100   僵尸4           100   14    8
H201  100   100   僵尸5           100   12    10
H201  100   100   尸王            100   5     30

H201  100   100   恶灵尸王        75    10    20
H201  100   100   僵尸1           100   12    8
H201  100   100   僵尸4           100   14    8
H201  100   100   僵尸5           100   12    10
H201  100   100   尸王            100   5     30

H201  100   100   僵尸4           100   14    8
H201  100   100   僵尸5           100   12    10
H201  100   100   尸王            100   5     30

H201  100   100   恶灵尸王        75    10    20
H201  100   100   僵尸1           100   12    8
H201  100   100   僵尸4           100   14    8
H201  100   100   僵尸5           100   12    10
H201  100   100   尸王            100   5    30

H201  100   100   僵尸4           100   14    8
H201  100   100   僵尸5           100   12    10
H201  100   100   尸王            100   5    30

H201  100   100   恶灵尸王        75    10    20
H201  100   100   僵尸1           100   12    8
H201  100   100   僵尸4           100   14    8
H201  100   100   僵尸5           100   12    10
H201  100   100   尸王            100   5    30
H201  100   100   僵尸4           100   14    8
H201  100   100   僵尸5           100   12    10
H201  100   100   尸王            100   5    30
H201  100   100   恶灵尸王        75    10    20

H201  100   100   尸王            100   5    30

H201  100   100   僵尸10          100   11    100
H201  100   100   僵尸40          100   11    100
H201  100   100   僵尸50          100   11    100
H201  100   100   僵尸1           100   15    8
H201  100   100   尸王            100   5    30

H201  100   100   僵尸10         100   11    100
H201  100   100   僵尸40         100   11    100
H201  100   100   僵尸50         100   11    100
;━━━━━━━━━━━━━━━━━━━━━━━━━━━━━━━━ 
;沙巴克影之道二层
H202  100   100  祖玛卫士        100   10    10
H202  100   100  祖玛卫士0       100   15    30

H202  100   100  祖玛卫士3       100   20    10

H202  100   100  祖玛弓箭手      100   30    30
H202  100   100  祖玛弓箭手      100   15    30
H202  100   100  祖玛雕像        100   15    10
H202  100   100  祖玛雕像        100   13    30
H202  100   100  楔蛾            100   20    5
;━━━━━━━━━━━━━━━━━━━━━━━━━━━━━━━━
;沙巴克影之道三层
H203  100   100  祖玛卫士3       100   20    15
H203  100   100  祖玛卫士3       100   30    15
H203  100   100  祖玛卫士3       100   30    15
H203  100   100  祖玛雕像        100   20    8
H203  100   100  楔蛾            100   20    10
H203  100   100  祖玛雕像        100   20    8
H203  100   100  楔蛾            100   20    10
H203  100   100  祖玛卫士00      100   10    20
H203  100   100  祖玛弓箭手      100   15    12
H203  100   100  祖玛雕像        100   10    8
H203  100   100  祖玛弓箭手      100   30    12
H204  50    50   祖玛教主   	 100   1     60
;━━━━━━━━━━━━━━━━━━━━━━━━━━━━━━━━完结
;沙巴克藏宝阁
H204  100 100   地藏王   	  50    1    360
H204  100  50   祖玛教主9   	  140   1    60
H204  100 100   黄泉教主9  	  100   1    60
H204  100 100   沃玛教主9   	  140   1    60
H204  100 100   虹魔教主9  	  100   1    60
H204  100 100   双头金刚9   	  140   1    60
H204  100 100   双头血魔9  	  100   1    60
H204  100 100	暗之双头金刚9	  10	1    60
H204  100 100	暗之虹魔教主9	  10	1    60
H204  100 100	暗之骷髅精灵9	  10	1    60
H204  100 100	暗之沃玛教主9	  10	1    60
H204  100 100	暗之双头血魔9	  10	1    60
H204  100 100	暗之黄泉教主9	  10	1    60
H204  100 100   虹魔猪卫9   	  100   2    35
H204  100 100   虹魔蝎卫9   	  100   2    35
H204  100 100   白野猪9     	  100   10   35
H204  100 100   沃玛卫士9   	  100   10   35
H204  100 100   祖玛卫士   	  100   8    35
H204  100 100   祖玛雕像   	  100   8    35
H204  100 100   祖玛弓箭手        100   8    35
H204  100 100   楔蛾              100   10   18
;幻境一层
H001	75	75	恶灵僵尸	75	60 	20
H001	75	75	恶灵僵尸	75	60 	20
H001	75	75	恶灵僵尸	75	60 	20
H001	75	75	恶灵僵尸	75	60 	20
H001	75	75	恶灵尸王	75	40 	20
H001	75	75	蜈蚣  		75	60 	20
H001	75	75	黑色恶蛆	75	60 	20
H001	75	75	跳跳蜂		75	60 	20
H001	75	75	钳虫		75	60 	20

;;特殊
H001	75	75	尸王		75	2	30
H001	75	75	尸王		75	2	30
H001	75	75	骷髅精灵  	75	2	15
H001	75	75	骷髅精灵	75	2	15
H001	75	75	骷髅精灵	75	2	15

;幻境二层
H002   251      41      红野猪         30      15      10
H002   321      72      红野猪         30      15      10
H002   363      146     红野猪         30      15      10
H002   172      59      红野猪         30      15      10
H002   210      93      红野猪         30      15      10
H002   262      140     红野猪         30      15      10
H002   309      19      红野猪         30      15      10
H002   350      303     红野猪         30      15      10
H002   111      105     红野猪         30      15      10
H002   158      149     红野猪         30      15      10
H002   200      200     红野猪         30      15      10
H002   255      306     红野猪         30      15      10
H002   287      286     红野猪         30      15      10
H002   56       158     红野猪         30      15      10
H002   153      237     红野猪         30      15      10
H002   112      250     红野猪         30      15      10
H002   114      314     红野猪         30      15      10
H002   304      340     红野猪         30      15      10
H002   251      41      黑野猪         30      15      10
H002   321      72      黑野猪         30      15      10
H002   363      146     黑野猪         30      15      10
H002   172      59      黑野猪         30      15      10
H002   210      93      黑野猪         30      15      10
H002   262      140     黑野猪         30      15      10
H002   309      19      黑野猪         30      15      10
H002   350      303     黑野猪         30      15      10
H002   111      105     黑野猪         30      15      10
H002   158      149     黑野猪         30      15      10
H002   200      200     黑野猪         30      15      10
H002   255      306     黑野猪         30      15      10
H002   287      286     黑野猪         30      10      10
H002   56       158     黑野猪         30      10      10
H002   153      237     黑野猪         30      10      10
H002   112      250     黑野猪         30      10      10
H002   114      314     黑野猪         30      10      10
H002   304      340     黑野猪         30      10      10
H002   251      41      红野猪         30      10      10
H002   321      72      红野猪         30      10      10
H002   363      146     红野猪         30      10      10
H002   172      59      红野猪         30      10      10
H002   210      93      黑野猪         30      10      10
H002   262      140     黑野猪         30      10      10
H002   309      19      黑野猪         30      10      10
H002   350      303     黑野猪         30      10      10
H002   111      105     黑野猪         30      10      10
H002   158      149     红野猪         30      10      10
H002   200      200     红野猪         30      10      10
H002   255      306     红野猪         30      10      10
H002   287      286     红野猪         30      10      10
H002   56       158     红野猪         30      10      10
H002   153      237     红野猪         30      10      10
H002   112      250     黑野猪         30      10      10
H002   114      314     黑野猪         30      10      10
H002   304      340     黑野猪         30      10      10
H002   200      200     楔蛾           200     25      10
H002   200      200     蝎蛇           200     30      10

;幻境三层
H003    40      40      沃玛勇士       20      5       5	50
H003    40      40      沃玛战将       20      5       5	50
H003    40      40      火焰沃玛       20      5       5	50
H003    40      40      沃玛战士       20      5       5	50
H003    50      50      沃玛勇士       20      7       5	50
H003    50      50      沃玛战将       20      7       5	50
H003    50      50      火焰沃玛       20      7       5	50
H003    50      50      沃玛战士       20      5       5	50
H003    60      60      沃玛勇士       20      5       5	50
H003    60      60      沃玛战将       20      5       5	50
H003    60      60      火焰沃玛       20      5       5	50
H003    60      60      沃玛战士       20      5       5	50
H003    40      50      沃玛勇士       20      5       5
H003    40      50      沃玛战将       20      5       5
H003    40      50      火焰沃玛       20      5       5
H003    40      50      沃玛战士       20      5       5
H003    40      50      沃玛战将       20      5       5
H003    40      50      火焰沃玛       20      7       5
H003    40      50      沃玛战将       20      7       5
H003    50      40      沃玛勇士       20      7       5
H003    50      40      沃玛战将       20      5       5
H003    50      40      火焰沃玛       20      5       5
H003    50      40      沃玛战士       20      5       5
H003    60      50      沃玛勇士       20      5       5
H003    60      50      沃玛战将       20      5       5
H003    60      50      火焰沃玛       20      5       5
H003    60      50      沃玛战士       20      5       5
H003    50      60      沃玛勇士        20      3       5
H003    50      60      沃玛战将       20      3       5
H003    50      60      火焰沃玛       20      3       5
H003    50      60      沃玛战士       20      5       5
H003    20      21      沃玛勇士       7       5       5
H003    20      21      沃玛战将       7       5       5
H003    20      21      火焰沃玛       7       5       5
H003    20      21      沃玛战士       7       8       5

;;特殊
H003    50      50      沃玛卫士       30      2       20

;幻境四层
H004    19      39      黑色恶蛆       70      20      7
H004    97      81      黑色恶蛆       70      20      7
H004    57      166     黑色恶蛆       70      20      7
H004    178     127     黑色恶蛆       70      20      7
H004    19      39      跳跳蜂         70      15      7
H004    97      81      跳跳蜂         70      15      7
H004    57      166     跳跳蜂         70      15      7
H004    178     127     跳跳蜂         70      15      7
H004    19      39      巨型蠕虫       70      15      7
H004    97      81      巨型蠕虫       70      15      7
H004    57      166     巨型蠕虫       70      15      7
H004    178     127     巨型蠕虫       70      15      7
H004    19      39      钳虫           70      20      7
H004    97      81      钳虫           70      20      7
H004    57      166     钳虫           70      20      7
H004    178     127     钳虫           70      20      7
H004    100     100     钳虫           100     10      10    50
H004    100     100     钳虫           100     10      10    50
H004    100     100     蜈蚣           100     80      7
H004    100     100     蜈蚣           100     10      10    50
H004    100     100     蜈蚣           100     10      10    50
H004    100     100     邪恶钳虫       100     2       60
H004    100     100     蜈蚣           50      2       20
H004    100     100     跳跳蜂         50      2       20
H004    100     100     巨型蠕虫       50      2       20
H004    100     100     钳虫           50      2       20

;;特殊
H004    83      168     触龙神         40      1       20


;幻境五层
H005	200	190	骷髅锤兵	100	20	8
H005	200	190	骷髅长枪兵	100	40	8
H005	145	80	骷髅刀斧手	100	40	8
H005	145	80	骷髅弓箭手	100	20	10
H005	100	125	骷髅刀斧手	100	40	8
H005	100	125	骷髅锤兵	100	20	10
H005	200	190	骷髅弓箭手	100	20	20
H005	100	125	骷髅长枪兵	100	20	20
H005	100	145	骷髅长枪兵	100	40	8
H005	100	145	骷髅刀斧手	100	20	10
H005	100	140	骷髅刀斧手	100	20	60
H005	200	190	骷髅刀斧手	100	20	10
H005	100	125	骷髅锤兵	100	20	20
H005	100	125	骷髅刀斧手	100	20	10
H005	100	125	骷髅长枪兵	100	20	20
H005	100	125	黄泉教主	100	1	60

;幻境六层
H006    100     100     黑色恶蛆       100     40      5
H006    100     100     黑色恶蛆       100     40      5
H006    100     100     楔蛾           100     40      5
H006    100     100     楔蛾           100     40      5
H006    100     100     楔蛾           100     40      5
H006    100     100     蝎蛇           100     50      5
H006    100     100     白野猪         100     5       30
H006    100     100     白野猪         100     5       30
H006    100     100     白野猪         100     5       30
H006    100     100     白野猪         100     5       30
H006    100     100     白野猪         100     5       30
H006    100     100     邪恶毒蛇       100     1       20
H006    83      25      石墓尸王       0       1       60
;幻境七层
H007    100     100     祖玛弓箭手     100     80      10
H007    100     100     祖玛雕像       100     80      10
H007    100     100     祖玛卫士       100     60      10
H007    100     100     楔蛾           100     80      10

;;特殊
H007    100     100     祖玛弓箭手3    100     20      10
H007    100     100     祖玛雕像3      100     10      10
H007    100     100     祖玛卫士3      100     10      10
H007    100     100     祖玛弓箭手3    100     20      10
H007    100     100     祖玛弓箭手3    100     20      10
H007    100     100     祖玛卫士3      100     2       10
H007    100     100     祖玛雕像3      100     20      10

;幻境迷宫
T2061   19      24      角蝇            5       1       10
T2061   19      24      楔蛾           5       1       10
T2061   19      24      尸王           5       1       10
T2062   19      24      角蝇            5       1       10
T2062   19      24      楔蛾           5       1       10
T2062   19      24      尸王           5       1       10
T2063   19      24      角蝇            5       1       10
T2063   19      24      楔蛾           5       1       10
T2063   19      24      尸王           5       1       10
T3061   19      24      角蝇           5       1       10
T3061   19      24      楔蛾           5       1       10
T3061   19      24      尸王           5       1       10
T3062   19      24      角蝇            5       1       10
T3062   19      24      楔蛾           5       1       10
T3062   19      24      尸王           5       1       10
T3063   19      24      角蝇           5       1       10
T3063   19      24      楔蛾           5       1       10
T3063   19      24      尸王           5       1       10

;;特殊
T1061   19      24      角蝇            5       1       10
T1061   19      24      楔蛾           5       1       10
T1061   19      24      尸王           5       1       10
T1061   19      24      重装使者        5       1       120

;幻境八层
H008    61      26      祖玛雕像3      10      10      10
H008    40      45      祖玛卫士3      20      10      10
H008    40      45      祖玛弓箭手3    50      50      10
H008    26      58      祖玛雕像3      10      10      10
H008    20      45      祖玛卫士3      10      5       10
H008    40      25      祖玛卫士3      10      5       10
H008    65      35      祖玛雕像3      10      5       10
H008    40      65      祖玛雕像3      10      5       10
H008    40      45      楔蛾           60      60      10

;;特殊
H008    40      45      虹魔蝎卫       30      1       360
H008    40      45      虹魔猪卫       30      1       15
H008    40      45      虹魔蝎卫      30      2       10
H008    40      45      虹魔猪卫      30      2       10
H008    25      29      虹魔教主       10      1       30
H008    25      29      寂静侍卫        50      5       30
H008    25      29      寂静天将        50      5       30
H008    25      29      寂静战将        50      5       30
H008    25      29      寂静神牛        50      2       60    1    249



;幻境九层
H009    128     91      月魔蜘蛛8       200     50      10
H009    128     91      天狼蜘蛛8       200     80      8
H009    128     91      钢牙蜘蛛8       200     60      10
H009    128     91      花吻蜘蛛8       200     60      10
H009    128     91      黑锷蜘蛛8       200     5       12
H009    128     91      寂静侍卫        200     5       30
H009    128     91      寂静天将        200     5       30
H009    128     91      寂静战将        200     5       30


H009    242     152     月魔蜘蛛8       150     30      10
H009    242     152     天狼蜘蛛8       150     50      8
H009    242     152     钢牙蜘蛛8       150     50      10
H009    242     152     花吻蜘蛛8       150     50      10
H009    242     152     黑锷蜘蛛8       150     5       12

H009    242     152      寂静侍卫        200     5       30
H009    242     152      寂静天将        200     5       30
H009    242     152      寂静战将        200     5       30



H009    66      208     月魔蜘蛛8       150     30      10
H009    66      208     天狼蜘蛛8       150     30      8
H009    66      208     钢牙蜘蛛8       150     20      10
H009    66      208     花吻蜘蛛8       150     20      10
H009    66      208     黑锷蜘蛛8       150     5       12

H009    66      208      寂静侍卫        200     5       30
H009    66      208      寂静天将        200     5       30
H009    66      208      寂静战将        200     5       30

;;特殊
H009    128     91      血巨人8         200     5       20
H009    128     91      血巨人8         200     5       20
H009    128     91      血僵尸8         200     5       20
H009    128     91      血僵尸8         200     5       20
H009    128     91      月魔蜘蛛8       200     5       10
H009    128     91      双头血魔        200     1       60
H009    128     91      双头金刚        200     1       60

;幻境十层
H010	205	210	牛魔侍卫	200	80	10
H010	205	210	牛魔法师	200	80	10
H010	205	210	牛魔将军	200	50	10
H010	205	210	牛魔侍卫	200	50	10
H010	205	210	牛魔法师	200	60	10
H010	205	210	牛魔祭司	200	6	60
H010	205	210	牛魔将军	200	4	60
H010	205	210	牛魔将军	200	4	60
H010	205	210	牛魔祭司	200	2	60
H010	205	210	牛魔祭司	200	2	60
H010	205	210	牛魔法师	200	50	10
H010	205	210	牛魔祭司	200	50	10
H010	205	210	牛魔将军	200	50	10
H010	205	210	牛魔侍卫	200	50	10
H010	205	210	牛魔法师	200	50	10

;H010    205	210      寂静侍卫        200     30       30
;H010    205	210      寂静天将        200     30       30
;H010    205	210      寂静战将        200     30       30



;;特殊
H010	326	327	赤月恶魔	0	1	60
H010	326	327	暗之赤月恶魔10	0	1	180

;中
H010	172	172	双头金刚	50	1	60
H010	172	172	暗之双头金刚10	50	1	180
H010	172	172	双头血魔	100	1	60
H010	172	172	暗之双头血魔10	100	1	180

H010	26	327	黄泉教主	50	1	60
H010	26	327	暗之黄泉教主10	50	1	180

H010	326	327	虹魔教主	0	1	60
H010	326	327	暗之虹魔教主10	0	1	180

H010    53      56      魔龙教主        50      1       60
H010    53      56      暗之魔龙教主    50      1       180

H010	372	32	牛魔王		50	1	60
H010	372	32	暗之牛魔王	50	1	180


;H010    376     381     石墓尸王        0       1       15
      
EM300A  14      16     魔龙刀兵        10     10      10
EM300A  14      16     魔龙刀兵1       10     5       15
EM300A  14      16     魔龙破甲兵      10     10      10
EM300A  14      16     魔龙破甲兵1     10     5       15
EM300A  14      16     魔龙射手        10     10      10
EM300A  14      16     魔龙射手1       10     5       15
EM300A  14      16     寂静神牛        10     2       60
;-------------------------------------------------------完毕
;魔龙城
;-------------------------------------------------------
6       150     150     魔龙邪眼        250     20      15
6       150     150     魔龙邪眼        250     20      15
6       150     150     魔龙血蛙        250     20      15
6       150     150     魔龙血蛙        250     20      15
6       150     150     魔龙血蛙        250     20      10
6       150     150     魔龙射手        250     20      5
6       150     150     魔龙射手        250     20      5
6       150     150     魔龙射手1       250     4       10
6       150     150     魔龙刺蛙        250     15      5
6       150     150     魔龙刺蛙1        250     15      5
;魔龙东郊
61      150     150     魔龙刀兵        250     20      5
61      150     150     魔龙刀兵1       250     2       5
61      150     150     魔龙刀兵        250     20      10
61      150     150     魔龙刀兵1       250     2       10
61      150     150     魔龙破甲兵      250     20      5
61      150     150     魔龙破甲兵1     250     2       5
61      150     150     魔龙破甲兵      250     20      10
61      150     150     魔龙破甲兵1     250     2       10
61      150     150     魔龙刀兵        250     20      10
61      150     150     魔龙破甲兵      250     20      10
;东林间胜地
611     150     150     魔龙刀兵        250     25      5
611     150     150     魔龙破甲兵1     250     5       5
611     150     150     魔龙刀兵        250     25      10
611     150     150     魔龙刀兵1       250     5       20
611     150     150     魔龙破甲兵      250     25      5
611     150     150     魔龙破甲兵      250     25      10
611     150     150     魔龙破甲兵      250     25      20
611     150     150     魔龙射手        250     25      5
611     150     150     魔龙射手        250     25      10
611     150     150     魔龙射手1       250     5       20
;地图名：魔龙西郊
62	150	150	魔龙刀兵	250	25	5
62	150	150	魔龙刀兵	250	25	10
62	150	150	魔龙破甲兵	250	25	5
62	150	150	魔龙破甲兵	250	25	10
62	150	150	魔龙刀兵	250	25	10
62	150	150	魔龙破甲兵	250	25	10
;西林间胜地
621	150	150	魔龙刀兵	250	25	5
621	150	150	魔龙刀兵	250	25	10
621	150	150	魔龙破甲兵	250	25	5
621	150	150	魔龙破甲兵	250	25	10
621	150	150	魔龙射手	250	25	5
621	150	150	魔龙射手	250	25	10
;魔龙旧寨
612	150	150	魔龙刀兵	250	25	5
612	150	150	魔龙刀兵	250	25	10
612	150	150	魔龙破甲兵	250	25	5
612	150	150	魔龙破甲兵	250	25	10
612	150	150	魔龙射手	250	25	5
612	150	150	魔龙射手	250	25	10
;特殊
612	150	150	魔龙破甲兵1	250	10	20
612	150	150	魔龙刀兵1	250	10	20
612	150	150	魔龙射手1	250	10	20
;魔龙沼泽
622	150	150	魔龙刀兵	250	25	5
622	150	150	魔龙刀兵	250	25	10
622	150	150	魔龙破甲兵	250	25	5
622	150	150	魔龙破甲兵	250	25	10
622	150	150	魔龙射手	250	25	5
622	150	150	魔龙射手	250	25	10
;特殊
622	256     93	魔龙邪眼1	1	1	120
;魔龙祭坛
613     150     150     魔龙刀兵        250     25      5
613     150     150     魔龙刀兵        250     35      10
613     150     150     魔龙刀兵1       250     2       5
613     150     150     魔龙破甲兵      250     25      5
613     150     150     魔龙破甲兵      250     35      10
613     150     150     魔龙破甲兵1     250     3       10
613     150     150     魔龙射手        250     25      5
613     150     150     魔龙射手        250     25      10
613     150     150     魔龙射手1       250     2       10

;魔龙岭
63	150	150	魔龙刀兵	250	25	5
63	150	150	魔龙刀兵	250	25	10
63	150	150	魔龙破甲兵	250	25	5
63	150	150	魔龙破甲兵	250	25	10
63	150	150	魔龙射手	250	25	5
63	150	150	魔龙射手	250	25	10
;特殊
63	150	150	魔龙射手1	250	10	10
63	150	150	魔龙射手2	250	5	20
63	150	150	魔龙刀兵1	250	10	10
63	150	150	魔龙刀兵2	250	5	20
63	150	150	魔龙破甲兵1	250	10	10
63	150	150	魔龙破甲兵2	250	5	10
;东魔龙关
632	150	150	触龙神0	        250	2	60
632	150	150	魔龙刀兵0	250	25	5
632	150	150	魔龙刀兵0	250	25	10
632	150	150	魔龙破甲兵0	250	25	5
632	150	150	魔龙破甲兵0	250	25	10
632	150	150	魔龙射手0	250	25	5
632	150	150	魔龙射手0	250	25	10
;特殊
632	150	150	魔龙射手11	250	10	10
632	150	150	魔龙射手12	250	5	20
632	150	150	魔龙刀兵11	250	10	10
632	150	150	魔龙刀兵12	250	5	20
632	150	150	魔龙破甲兵11	250	10	10
632	150	150	魔龙破甲兵12	250	5	10


;西魔龙关
631     96      24      魔龙刀兵1       50      5      5
631     96      24      魔龙破甲兵1     50      5      5
631     96      24      魔龙射手1       50      5      5
631     96      24      魔龙刀兵        50      5      5
631     96      24      魔龙破甲兵      50      5      5
631     96      24      魔龙射手        50      5      5
631     96      24      魔龙刀兵        50      5      5
631     96      24      魔龙破甲兵      50      5      5
631     96      24      魔龙射手        50      5      5
631     150     150     魔龙刀兵        250     15     5
631     150     150     魔龙刀兵        250     10     10
631     150     150     魔龙刀兵1       250     15     10
631     150     150     魔龙刀兵2       250     5      20
631     150     150     魔龙破甲兵      250     10     5
631     150     150     魔龙破甲兵      250     10     10
631     150     150     魔龙破甲兵1     250     15     10
631     150     150     魔龙破甲兵2     250     5      10
631     150     150     魔龙射手        250     15     5
631     150     150     魔龙射手        250     15     10
631     150     150     魔龙射手1       250     15     10
631     150     150     魔龙射手2       250     5      20
;魔龙谷
64	150	150     魔龙刀兵        250     25      5
64	150	150     魔龙刀兵        250     25      10
64	150	150     魔龙刀兵1       250     25      10
64	150	150     魔龙刀兵2       250     5       20
64	150	150     魔龙破甲兵      250     25      5
64	150	150     魔龙破甲兵      250     25      10
64	150	150     魔龙破甲兵1     250     25      10
64	150	150     魔龙破甲兵2     250     5       10
64	150	150     魔龙射手        250     25      5
64	150	150     魔龙射手        250     25      10
64	150	150     魔龙射手1       250     25      10
64	150	150     魔龙射手2       250     5       20


;龙源血路
65	100	100	魔龙刀兵	250	20	10
65	100	100	魔龙破甲兵	250	20	10
65      100     100     魔龙射手        250     20      10
65	100	100	魔龙刀兵	250	20	10
65	100	100	魔龙破甲兵	250	20	10
65      100     100     魔龙射手        250     20      10
65	100	100	魔龙刀兵1	250	5	20
65	100	100	魔龙破甲兵1	250	5	20
65      100     100     魔龙射手1       250     5       20
65	100	100	魔龙刀兵2	250	5	30
65	100	100	魔龙破甲兵2	250	5	30
65      100     100     魔龙射手2       250     5       30
65      100     100     魔龙力士        250     1       60     1    249
65      100     100     魔龙巨蛾        250     1       60     1    249
65      100     100     魔龙战将        250     1       60     1    249


;魔龙血域
66	150	150	魔龙刀兵	250	40	5
66	150	150	魔龙刀兵	250	40	5
66	150	150	魔龙破甲兵	250	40	5
66	150	150	魔龙破甲兵	250	40	5
66	150	150	魔龙射手	250	40	5
66	150	150	魔龙射手	250	40	5
;特殊
66	150	150	魔龙刀兵1	250	30	10
66	150	150	魔龙刀兵2	250	5	20
66	150	150	魔龙破甲兵1	250	30	10
66	150	150	魔龙破甲兵2	250	5	20
66	150	150	魔龙射手1	250	30	10
66	150	150	魔龙射手2	250	5	20
66	150	150	魔龙力士	250	1	60
66	150	150	魔龙巨蛾	250	1	60
66	150	150	魔龙战将	250	1	60
66	215	74	魔龙教主	0	1	120

;魔龙殿
EM300	14	16	魔龙战将	5	1	60 
EM300	14	16	魔龙力士	5	1	70
EM300	14	16	魔龙巨蛾	5	1	80
EM300	14	16	暗之魔龙战将	5	1	90
EM300	14	16	暗之魔龙力士	5	1	100
EM300	14	16	暗之魔龙巨蛾	5	1	110
EM300	14	16	魔龙教主	5	1	120

;魔龙秘境
F003    45      61	魔龙刀兵	250	10	5
F003    45      61	魔龙破甲兵	250	10	5
F003    45      61	魔龙射手	250	10	5
F003    45      61	魔龙刀兵1	250	5	10
F003    45      61	魔龙刀兵2	250	2	20
F003    45      61	魔龙破甲兵1	250	5	10
F003    45      61	魔龙破甲兵2	250	2	20
F003    45      61	魔龙射手1	250	5	10
F003    45      61	魔龙射手2	250	2	20
F003    45      61      魔龙战将        150     1       15      1       249
F003    45      61      魔龙力士        150     1       15      1       249
F003    45      61      魔龙巨蛾        150     1       15      1       249
F003    45      61      暗之魔龙战将    150     1       30      1       249
F003    45      61      暗之魔龙力士    150     1       30      1       249
F003    45      61      暗之魔龙巨蛾    150     1       30      1       249
F003	45	61	魔龙教主	0	1	60	1	249
F003	45	61	暗之魔龙教主	0	1	120	1	249

F003	30	34	千年树妖	0	1	30
F003	27	46	千年树妖	0	1	30
F003	26	57	千年树妖	0	1	30
F003	36	76	千年树妖	0	1	30
F003	48	78	千年树妖	0	1	30
F003	55	61	千年树妖	0	1	30
F003	70	46	千年树妖	0	1	30
F003	66	36	千年树妖	0	1	30
F003	54	31	千年树妖	0	1	30
F003	40	34	千年树妖	0	1	30



;石原
bsr03   75      98      石原秃鹫        200     20      10
bsr03   75      98      兽人巡逻兵      200     20      15
bsr03   75      98      兽人长矛兵      200     20      20
bsr03   75      98      兽人狂战士      200     20      25
bsr03   75      98      兽人驯兽师      200     20      30
bsr03   75      98      兽人骑兵        200     20      35
bsr03   75      98      兽人巫医        200     20      40
bsr03   75      98      兽人厨师        200     20      45

bsr03   135      162      石原秃鹫        200     20      10
bsr03   135      162      兽人巡逻兵      200     20      15
bsr03   135      162      兽人长矛兵      200     20      20
bsr03   135      162      兽人狂战士      200     20      25
bsr03   135      162      兽人驯兽师      200     20      30
bsr03   135      162      兽人骑兵        200     20      35
bsr03   135      162      兽人巫医        200     20      40
bsr03   135      162      兽人厨师        200     20      45

bsr03   200      221      石原秃鹫        200     20      10
bsr03   200      221      兽人巡逻兵      200     20      15
bsr03   200      221      兽人长矛兵      200     20      20
bsr03   200      221      兽人狂战士      200     20      25
bsr03   200      221      兽人驯兽师      200     20      30
bsr03   200      221      兽人骑兵        200     20      35
bsr03   200      221      兽人巫医        200     20      40
bsr03   200      221      兽人厨师        200     20      45

bsr03   261      141      石原秃鹫        200     20      10
bsr03   261      141      兽人巡逻兵      200     20      15
bsr03   261      141      兽人长矛兵      200     20      20
bsr03   261      141      兽人狂战士      200     20      25
bsr03   261      141      兽人驯兽师      200     20      30
bsr03   261      141      兽人骑兵        200     20      35
bsr03   261      141      兽人巫医        200     20      40
bsr03   261      141      兽人厨师        200     20      45

bsr03   183      325      石原秃鹫        200     20      10
bsr03   183      325      兽人巡逻兵      200     20      15
bsr03   183      325      兽人长矛兵      200     20      20
bsr03   183      325      兽人狂战士      200     20      25
bsr03   183      325      兽人驯兽师      200     20      30
bsr03   183      325      兽人骑兵        200     20      35
bsr03   183      325      兽人巫医        200     20      40
bsr03   183      325      兽人厨师        200     20      45

bsr03   315      382      石原秃鹫        200     20      10
bsr03   315      382      兽人巡逻兵      200     20      15
bsr03   315      382      兽人长矛兵      200     20      20
bsr03   315      382      兽人狂战士      200     20      25
bsr03   315      382      兽人驯兽师      200     20      30
bsr03   315      382      兽人骑兵        200     20      35
bsr03   315      382      兽人巫医        200     20      40
bsr03   315      382      兽人厨师        200     20      45

bsr03   427      203      石原秃鹫        200     20      10
bsr03   427      203      兽人巡逻兵      200     20      15
bsr03   427      203      兽人长矛兵      200     20      20
bsr03   427      203      兽人狂战士      200     20      25
bsr03   427      203      兽人驯兽师      200     20      30
bsr03   427      203      兽人骑兵        200     20      35
bsr03   427      203      兽人巫医        200     20      40
bsr03   427      203      兽人厨师        200     20      45

bsr03   378      304      兽人战将        0       1       60 249
bsr03   393      299      兽人战将        0       1       60 249
bsr03   396      279      兽人战将        0       1       60 249
bsr03   376      273      兽人战将        0       1       60 249

bsr03   376      273      兽人巡逻兵        20       20       15
bsr03   376      273      兽人长矛兵        20       20       20
bsr03   376      273      兽人狂战士        20       20       25
bsr03   376      273      兽人驯兽师        20       20       30
bsr03   376      273      兽人骑兵          20       20       35
bsr03   376      273      兽人巫医          20       20       40
bsr03   376      273      兽人厨师          20       20       45

;石原洞穴
bsr01   142      159      楔蛾              100      20       10
bsr01   142      159      兽人矿工          200      5       10
bsr01   142      159      兽人长矛兵        200      5       10
bsr01   142      159      兽人巡逻兵        200      5       10
bsr01   142      159      兽人巫医          200      5       10

bsr01   168      121      楔蛾              100      20       10
bsr01   168      121      兽人矿工          200      5       10
bsr01   168      121      兽人长矛兵        200      5       10
bsr01   168      121      兽人巡逻兵        200      5       10
bsr01   168      121      兽人巫医          200      5       10

bsr01   182      67       楔蛾              100      20       10
bsr01   182      67       兽人矿工          200      5       10
bsr01   182      67       兽人长矛兵        200      5       10
bsr01   182      67       兽人巡逻兵        200      5       10
bsr01   182      67       兽人巫医          200      5       10

bsr01   155      32       楔蛾              100      20       10
bsr01   155      32       兽人矿工          200      5       10
bsr01   155      32       兽人长矛兵        200      5       10
bsr01   155      32       兽人巡逻兵        200      5       10
bsr01   155      32       兽人巫医          200      5       10

bsr01   114      52       楔蛾              100      20       10
bsr01   114      52       兽人矿工          200      5       10
bsr01   114      52       兽人长矛兵        200      5       10
bsr01   114      52       兽人巡逻兵        200      5       10
bsr01   114      52       兽人巫医          200      5       10

bsr01   58       26       楔蛾              100      20       10
bsr01   58       26       兽人矿工          200      5       10
bsr01   58       26       兽人长矛兵        200      5       10
bsr01   58       26       兽人巡逻兵        200      5       10
bsr01   58       26       兽人巫医          200      5       10

bsr01   25       74       楔蛾              100      20       10
bsr01   25       74       兽人矿工           200      5       10
bsr01   25       74       兽人长矛兵         200      5       10
bsr01   25       74       兽人巡逻兵         200      5       10
bsr01   25       74       兽人巫医           200      5       10

bsr01   130      110       楔蛾              100      20       10
bsr01   130      110       兽人矿工          200      5       10
bsr01   130      110       兽人长矛兵        200      5       10
bsr01   130      110       兽人巡逻兵        200      5       10
bsr01   130      110       兽人巫医          200      5       10

bsr01   73       147       楔蛾              100      20       10
bsr01   73       147       兽人矿工          200      5       10
bsr01   73       147       兽人长矛兵        200      5       10
bsr01   73       147       兽人巡逻兵        200      5       10
bsr01   73       147       兽人巫医          200      5       10

bsr01   73       87        楔蛾              100      20       10
bsr01   73       87        兽人矿工          200      5       10
bsr01   73       87        兽人长矛兵        200      5       10
bsr01   73       87        兽人巡逻兵        200      5       10
bsr01   73       87        兽人巫医          200      5       10

bsr01   70       148       兽人战将          0        1        60
bsr01   165      28        兽人统帅          0        1        60

;石原矿洞
bsr02   39      47      楔蛾              100      20       10
bsr02   39      47      兽人矿工          200      5       10
bsr02   39      47      兽人长矛兵        200      5       10
bsr02   39      47      兽人巡逻兵        200      5       10
bsr02   39      47      兽人巫医          200      5       10

bsr02   46      115      楔蛾              100      20       10
bsr02   46      115      兽人矿工          200      5       10
bsr02   46      115      兽人长矛兵        200      5       10
bsr02   46      115      兽人巡逻兵        200      5       10
bsr02   46      115      兽人巫医          200      5       10

bsr02   56      176       楔蛾              100      20       10
bsr02   56      176       兽人矿工          200      5       10
bsr02   56      176       兽人长矛兵        200      5       10
bsr02   56      176       兽人巡逻兵        200      5       10
bsr02   56      176       兽人巫医          200      5       10

bsr02   97      203       楔蛾              100      20       10
bsr02   97      203       兽人矿工          200      5       10
bsr02   97      203       兽人长矛兵        200      5       10
bsr02   97      203       兽人巡逻兵        200      5       10
bsr02   97      203       兽人巫医          200      5       10

bsr02   110      260       楔蛾              100      20       10
bsr02   110      260       兽人矿工          200      5       10
bsr02   110      260       兽人长矛兵        200      5       10
bsr02   110      260       兽人巡逻兵        200      5       10
bsr02   110      260       兽人巫医          200      5       10

bsr02   184       229       楔蛾              100      20       10
bsr02   184       229       兽人矿工          200      5       10
bsr02   184       229       兽人长矛兵        200      5       10
bsr02   184       229       兽人巡逻兵        200      5       10
bsr02   184       229       兽人巫医          200      5       10

bsr02   272       266       楔蛾              100      20       10
bsr02   272       266       兽人矿工           200      5       10
bsr02   272       266       兽人长矛兵         200      5       10
bsr02   272       266       兽人巡逻兵         200      5       10
bsr02   272       266       兽人巫医           200      5       10

bsr02   157      157       楔蛾              100      20       10
bsr02   157      157       兽人矿工          200      5       10
bsr02   157      157       兽人长矛兵        200      5       10
bsr02   157      157       兽人巡逻兵        200      5       10
bsr02   157      157       兽人巫医          200      5       10

bsr02   203       194       楔蛾              100      20       10
bsr02   203       194       兽人矿工          200      5       10
bsr02   203       194       兽人长矛兵        200      5       10
bsr02   203       194       兽人巡逻兵        200      5       10
bsr02   203       194       兽人巫医          200      5       10

bsr02   262       210        楔蛾              100      20       10
bsr02   262       210        兽人矿工          200      5       10
bsr02   262       210        兽人长矛兵        200      5       10
bsr02   262       210        兽人巡逻兵        200      5       10
bsr02   262       210        兽人巫医          200      5       10

bsr02   274       130        楔蛾              100      20       10
bsr02   274       130         兽人矿工          200      5       10
bsr02   274       130         兽人长矛兵        200      5       10
bsr02   274       130         兽人巡逻兵        200      5       10
bsr02   274       130         兽人巫医          200      5       10

bsr02   230       112        楔蛾              100      20       10
bsr02   230       112         兽人矿工          200      5       10
bsr02   230       112         兽人长矛兵        200      5       10
bsr02   230       112         兽人巡逻兵        200      5       10
bsr02   230       112         兽人巫医          200      5       10

bsr02   241       61        楔蛾              100      20       10
bsr02   241       61         兽人矿工          200      5       10
bsr02   241       61         兽人长矛兵        200      5       10
bsr02   241       61         兽人巡逻兵        200      5       10
bsr02   241       61         兽人巫医          200      5       10

bsr02   141       72        楔蛾              100      20       10
bsr02   141       72         兽人矿工          200      5       10
bsr02   141       72         兽人长矛兵        200      5       10
bsr02   141       72         兽人巡逻兵        200      5       10
bsr02   141       72         兽人巫医          200      5       10

bsr02   110       111        楔蛾              100      20       10
bsr02   110       111         兽人矿工          200      5       10
bsr02   110       111         兽人长矛兵        200      5       10
bsr02   110       111         兽人巡逻兵        200      5       10
bsr02   110       111         兽人巫医          200      5       10

bsr02   40       248       兽人战将          0        1        60
bsr02   241      61        兽人统帅          0        1        60


bsrlm   35        31          楔蛾              100      30        10
bsrlm   35        31          兽人矿工          100      10        15
bsrlm   35        31          兽人长矛兵        100      10        20
bsrlm   35        31          兽人巡逻兵        100      10        25
bsrlm   35        31          兽人巫医          200      10        30
bsrlm   35        31          兽人巨魔          0        1        120 249

bsrlm1   35        31          楔蛾              100      30        10
bsrlm1   35        31          兽人矿工          100      10        15
bsrlm1   35        31          兽人长矛兵        100      10        20
bsrlm1   35        31          兽人巡逻兵        100      10        25
bsrlm1   35        31          兽人巫医          200      10        30
bsrlm1   35        31          兽人巨魔          0        1        120 249

;雪山
NZ003    80        15          月魔蜘蛛          150      20       10
NZ003    80        15          迷失雪鬃狼        150      10       15
NZ003    80        15          神将随从          150      10       20
NZ003    80        15          巡游夜叉          150      5       25
NZ003    80        15          神龙恶灵          150      5       30


NZ003    49        48          月魔蜘蛛          150      20       10
NZ003    49        48          迷失雪鬃狼        150      10       15
NZ003    49        48          神将随从          150      10       20
NZ003    49        48          巡游夜叉          150      5       25
NZ003    80        15          神龙恶灵          150      5       30
NZ003    49        48          雪山力士          0        1        60 1 249

NZ003    17        70          月魔蜘蛛          150      20       10
NZ003    17        70          迷失雪鬃狼        150      10       15
NZ003    17        70          神将随从          150      10       20
NZ003    17        70          巡游夜叉          150      5       25
NZ003    17        70          神龙恶灵          150      5       30

NZ003    18        28          月魔蜘蛛          150      20       10
NZ003    18        28          迷失雪鬃狼        150      10       15
NZ003    18        28          神将随从          150      10       20
NZ003    18        28          巡游夜叉          150      5       25
NZ003    18        28          神龙恶灵          150      5       30

NZ003    77        75          月魔蜘蛛          150      20       10
NZ003    77        75          迷失雪鬃狼        150      10       15
NZ003    77        75          神将随从          150      10       20
NZ003    77        75          巡游夜叉          150      5       25
NZ003    77        75          神龙恶灵          150      5       30
;雪山二层
NZ015    33        46          月魔蜘蛛          300      20       10
NZ015    33        46          迷失雪鬃狼        300      10       15
NZ015    33        46          神将随从          300      10       20
NZ015    33        46          巡游夜叉          300      5        25
NZ015    33        46          神龙恶灵          300      5        30
NZ015    33        46          神将守卫          300      10       35

NZ015    57        110          月魔蜘蛛          300      20       10
NZ015    57        110          迷失雪鬃狼        300      10       15
NZ015    57        110          神将随从          300      10       20
NZ015    57        110          巡游夜叉          300      5        25
NZ015    57        110          神龙恶灵          300      5        30
NZ015    57        110          神将守卫          300      10       35

NZ015    51        159          月魔蜘蛛          300      20       10
NZ015    51        159          迷失雪鬃狼        300      10       15
NZ015    51        159          神将随从          300      10       20
NZ015    51        159          巡游夜叉          300      5        25
NZ015    51        159          神龙恶灵          300      5        30
NZ015    51        159          神将守卫          300      10       35

NZ015    120        158          月魔蜘蛛          300      20       10
NZ015    120        158          迷失雪鬃狼        300      10       15
NZ015    120        158          神将随从          300      10       20
NZ015    120        158          巡游夜叉          300      5        25
NZ015    120        158          神龙恶灵          300      5        30
NZ015    120        158          神将守卫          300      10       35


NZ015    123        111          月魔蜘蛛          300      20       10
NZ015    123        111          迷失雪鬃狼        300      10       15
NZ015    123        111          神将随从          300      10       20
NZ015    123        111          巡游夜叉          300      5        25
NZ015    123        111          神龙恶灵          300      5        30
NZ015    123        111          神将守卫          300      10       35
NZ015    123        111          雪山魔王          0        1        120 1 249

NZ015    137        56           月魔蜘蛛          300      20       10
NZ015    137        56          迷失雪鬃狼        300      10       15
NZ015    137        56          神将随从          300      10       20
NZ015    137        56          巡游夜叉          300      5        25
NZ015    137        56          神龙恶灵          300      5        30
NZ015    137        56          神将守卫          300      10       35

NZ015    195        56          月魔蜘蛛          300      20       10
NZ015    195        56          迷失雪鬃狼        300      10       15
NZ015    195        56          神将随从          300      10       20
NZ015    195        56          巡游夜叉          300      5        25
NZ015    195        56          神龙恶灵          300      5        30
NZ015    195        56          神将守卫          300      10       35

NZ015    176        96          月魔蜘蛛          300      20       10
NZ015    176        96          迷失雪鬃狼        300      10       15
NZ015    176        96          神将随从          300      10       20
NZ015    176        96          巡游夜叉          300      5        25
NZ015    176        96          神龙恶灵          300      5        30
NZ015    176        96          神将守卫          300      10       35

NZ015    189        160         月魔蜘蛛          300      20       10
NZ015    189        160         迷失雪鬃狼        300      10       15
NZ015    189        160         神将随从          300      10       20
NZ015    189        160         巡游夜叉          300      5        25
NZ015    189        160         神龙恶灵          300      5        30
NZ015    189        160         神将守卫          300      10       35


nfox03    34         33         巡游夜叉          100       5        35
nfox03    34         33         神龙恶灵          100       5        30
nfox03    34         33         神将随从          100       15       25
nfox03    34         33         神将守卫          100       15       20
nfox03    34         33         月魔蜘蛛          100       20       15


nfox03   34         33          兽神将之影        0         1       360
;寂静森林
r001A    98         137          寂静侍卫          100      5       15
r001A    160        124          寂静侍卫          100      5       15
r001A    142        71           寂静侍卫          100      5       15
r001A    94         39           寂静侍卫          100      5       15
r001A    42         71           寂静侍卫          100      5       15
r001A    50         118          寂静侍卫          100      5       15

r001A    98         137          寂静战将          100      5       20
r001A    160        124          寂静战将          100      5       20
r001A    142        71           寂静战将          100      5       20
r001A    94         39           寂静战将          100      5       20
r001A    42         71           寂静战将          100      5       20
r001A    50         118          寂静战将          100      5       20

r001A    98         137          寂静天将          100      5       25
r001A    160        124          寂静天将          100      5       25
r001A    142        71           寂静天将          100      5       25
r001A    94         39           寂静天将          100      5       25
r001A    42         71           寂静天将          100      5       25
r001A    50         118          寂静天将          100      5       25

r001A    100        100          赤月恶魔          0        1       60   1  249

;寂静战场

F005    101        43          寂静侍卫          200      2       15
F005    42         70          寂静侍卫          200      2       15
F005    50         125         寂静侍卫          200      2       15
F005    130        137         寂静侍卫          200      2       15
F005    154        72          寂静侍卫          200      2       15
F005    11         82          寂静侍卫          200      2       15
F005    58         64          寂静侍卫          200      2       15
F005    85         84          寂静侍卫          200      2       15

F005    101        43          寂静战将          200      2       20
F005    42         70          寂静战将          200      2       20
F005    50         125         寂静战将          200      2       20
F005    130        137         寂静战将          200      2       20
F005    154        72          寂静战将          200      2       20
F005    11         82          寂静战将          200      2       20
F005    58         64          寂静战将          200      2       20
F005    85         84          寂静战将          200      2       20

F005    101        43          寂静天将          200      2       25
F005    42         70          寂静天将          200      2       25
F005    50         125         寂静天将          200      2       25
F005    130        137         寂静天将          200      2       25
F005    154        72          寂静天将          200      2       25
F005    11         82          寂静天将          200      2       25
F005    58         64          寂静天将          200      2       25
F005    85         84          寂静天将          200      2       25

F005    72         34          魔龙巨蛾          100      1        60   1  249
F005    39         25          魔龙力士          100      1        60   1  249
F005    60         58          魔龙战将          100      1        60   1  249
F005    24         62          重装使者          100      1        60   1  249

;寂静大厅
D2083   79         43          寂静侍卫          50      15       15
D2083   79         43          寂静战将          50      15       20
D2083   79         43          寂静天将          50      15       25
D2083   79         43          寂静神牛          50      5        60    1  249
;龙神地宫
DM002A  13         21          寂静龙神          0       1        180   1  249
DM002A  13         21          魔龙射手          20      60       15


;地图名：玛雅神殿一
Fama1 31    38    白野猪            400    20    15
Fama1 31    38    牛魔将军          400    30    10
Fama1 31    38    牛魔侍卫          400    30    10
Fama1 31    38    牛魔祭司          400    30    10
Fama1 31    38    祖玛雕像          400    30    10
Fama1 31    38    祖玛弓箭手        400    30    10
Fama1 31    38    双头金刚          400    2     60
Fama1 31    38    双头血魔          400    2     60
Fama1 31    38    黄泉教主          400    2     60
Fama1 31    38    虹魔教主          400    2     60
Fama1 31    38    沃玛教主          400    2     60
Fama1 31    38    牛魔王            400    2     60
;地图名：玛雅神殿二
Fama2 31    38    白野猪            400    20    15
Fama2 31    38    牛魔将军          400    30    10
Fama2 31    38    牛魔侍卫          400    30    10
Fama2 31    38    牛魔祭司          400    30    10
Fama2 31    38    祖玛雕像          400    30    10
Fama2 31    38    祖玛弓箭手        400    30    10
Fama2 31    38    双头金刚          400    2     60
Fama2 31    38    双头血魔          400    2     60
Fama2 31    38    黄泉教主          400    2     60
Fama2 31    38    虹魔教主          400    2     60
Fama2 31    38    沃玛教主          400    2     60
Fama2 31    38    牛魔王            400    2     60
;地图名：玛雅神殿三
Fama3 31    38    月魔蜘蛛          400    30   30
Fama3 31    38    白野猪            400    20   15
Fama3 31    38    祖玛弓箭手        400    30   10
Fama3 31    38    祖玛雕像          400    30   10
Fama3 31    38    祖玛卫士          400    30   10
Fama3 42    19    赤月恶魔          0      1    60
Fama3 14    46    赤月恶魔          0      1    60
Fama3 14    47    双头金刚          400    2    60
Fama3 31    38    双头血魔          400    2    60
Fama3 31    38    黄泉教主          400    2    60
Fama3 31    38    虹魔教主          400    2    60
Fama3 31    38    沃玛教主          400    2    60
Fama3 31    38    牛魔王            400    2    60
Fama3 31    38    暗之牛魔王        400    2    60
Fama3 31    38    暗之双头血魔        400    1    60
Fama3 31    38    暗之双头金刚        400    1    60
Fama3 31    38    暗之虹魔教主        400    1    60
Fama3 31    38    暗之黄泉教主        400    1    60
Fama3 31    38    暗之沃玛教主        400    1    60
Fama3 31    38    暗之骷髅精灵        400    1    60
Fama3 31    38    重装使者            400    1    180
;地图名：玛雅神殿四
f013    26   21     月魔蜘蛛      50    10    30
f013    28   17     魔龙力士      50    1     60
f013    28   17     魔龙战将      50    1     60
f013    28   17     魔龙巨蛾      50    1     60
f013    22   33     暗之魔龙力士      50    1     60
f013    22   33     暗之魔龙战将      50    1     60
f013    22   33     暗之魔龙巨蛾      50    1     60
f013    23   37     魔龙教主           5    1     60

;烟花
R001B	100	100	红猪妖	        250	50	5
R001B	100	100	黑猪妖	        250	50	5
R001B	100	100	红猪妖	        250	50	5
R001B	100	100	黑猪妖	        250	50	5
R001B	100	100	红猪妖	        250	50	5
R001B	100	100	黑猪妖	        250	50	5
R001B	100	100	白猪妖	        200	30	15

R001B	100	100	虹魔教主	200	1	30
R001B	100	100	双头金刚	200	1	30
R001B	100	100	双头血魔	200	1	30
R001B	100	100	魔龙力士	200	1	30
R001B	100	100	魔龙战将	200	1	30
R001B	100	100	魔龙巨蛾	200	1	30
R001B   100     100     魔影巨人        100     1       360


;宫殿长廊
D505A	102	97	骷髅长枪兵1	40	10	15
D505A	102	97	骷髅长枪兵1	40	10	15
D505A	102	97	骷髅长枪兵1	40	10	15
D505A	102	97	骷髅长枪兵1	40	10	15
D505A	102	97	恶灵僵尸1	60	10	15
D505A	102	97	恶灵僵尸1	60	10	15
D505A	102	97	恶灵僵尸1	60	10	15
D505A	102	97	恶灵僵尸1	60	10	15
D505A	102	97	恶灵僵尸1	60	10	15
D505A	102	97	恶灵僵尸1	60	10	15
D505A	102	97	恶灵僵尸1	60	10	15
D505A	102	97	恶灵僵尸1	60	10	15
D505A	102	97	半兽战士1	80	15	10
D505A	102	97	半兽战士1	80	15	10
D505A	102	97	半兽战士1	80	15	10
D505A	102	97	半兽战士1	80	15	10
D505A	102	97	半兽战士1	80	15	10
D505A	102	97	半兽战士1	80	15	10
D505A	102	97	半兽战士1	80	15	10
D505A	102	97	半兽战士1	80	15	10
D505A	102	97	半兽战士1	80	15	10
D505A	102	97	半兽战士1	80	15	10
D505A	102	97	半兽战士1	80	15	10
D505A	102	97	半兽战士1	80	15	10
D505A	102	97	半兽战士1	80	15	10
D505A	102	97	半兽战士1	80	15	10
D505A	102	97	半兽战士1	80	15	10
D505A	102	97	半兽战士1	80	15	10
D505A	102	97	半兽人1	100	20	5
D505A	102	97	半兽人1	100	20	5
D505A	102	97	半兽人1	100	20	5
D505A	102	97	半兽人1	100	20	5
D505A	102	97	半兽人1	100	20	5
D505A	102	97	半兽人1	100	20	5
D505A	102	97	半兽人1	100	20	5
D505A	102	97	半兽人1	100	20	5
D505A	102	97	半兽人1	100	20	5
D505A	102	97	半兽人1	100	20	5
D505A	102	97	半兽人1	100	20	5
D505A	102	97	半兽人1	100	20	5
D505A	102	97	半兽人1	100	20	5
D505A	102	97	半兽人1	100	20	5
D505A	102	97	半兽人1	100	20	5
D505A	102	97	半兽人1	100	20	5
D505A	102	97	半兽人1	100	20	5
D505A	102	97	半兽人1	100	20	5
D505A	102	97	半兽人1	100	20	5
D505A	102	97	半兽人1	100	20	5
D505A	102	97	半兽人1	100	20	5
D505A	102	97	半兽人1	100	20	5
D505A	102	97	半兽人1	100	20	5
D505A	102	97	半兽人1	100	20	5
D505A	102	97	半兽人1	100	20	5
D505A	102	97	半兽人1	100	20	5
D505A	102	97	半兽人1	100	20	5
D505A	102	97	半兽人1	100	20	5
D505A	102	97	半兽人1	100	20	5
D505A	102	97	半兽人1	100	20	5
D505A	102	97	半兽人1	100	20	5
D505A	102	97	半兽人1	100	20	5

;特殊

D505A	38	85	触龙神	        0	1	30
D505A	131	95	触龙神	        0	1	30
D505A	142	178	魔龙特使	0	1	120
D505A	118	13	绿魔蜘蛛	0	1	120
D505A	102	97	双头血魔	100	1	60
D505A	102	97	双头金刚	100	1	60
D505A	102	97	重装使者	100	1	120
D505A	102	97	魔龙教主	100	1	120
